# Create the database schemas:

DROP DATABASE IF EXISTS mis602_ass3; 
CREATE SCHEMA mis602_ass3;
USE mis602_ass3;

# Create tables based on the logical model:

DROP TABLE IF EXISTS `Driver`;
CREATE TABLE Driver (
  driver_id VARCHAR(50) PRIMARY KEY,
  name VARCHAR(255) NOT NULL,
  phone VARCHAR(255) UNIQUE,
  dob DATE NOT NULL);
  
  DROP TABLE IF EXISTS `Truck`;
  CREATE TABLE Truck (
    truck_id  VARCHAR(50) PRIMARY KEY,
    availability VARCHAR(255) NOT NULL,
    capacity INT NOT NULL,
    type_of_truck VARCHAR(255) NOT NULL);

DROP TABLE IF EXISTS `Driver_schedule`;    
CREATE TABLE Driver_schedule (
    schedule_id VARCHAR(50) PRIMARY KEY,
    driver_id VARCHAR(50) NOT NULL,
    truck_id  VARCHAR(50) NOT NULL,
    FOREIGN KEY (driver_id) REFERENCES Driver(driver_id),
    FOREIGN KEY (truck_id) REFERENCES Truck(truck_id));

DROP TABLE IF EXISTS `Maintenance_schedule`; 
CREATE TABLE Maintenance_schedule (
    maintenance_schedule_id  VARCHAR(50),
    truck_id  VARCHAR(50) NOT NULL,
    maintenance_type VARCHAR(255) NOT NULL,
    date DATE NOT NULL,
    PRIMARY KEY (maintenance_schedule_id, truck_id), -- Composite primary key
    FOREIGN KEY (truck_id) REFERENCES Truck(truck_id));

DROP TABLE IF EXISTS `Bin`; 
CREATE TABLE Bin (
  bin_id VARCHAR(50) PRIMARY KEY,
  bin_size VARCHAR(255) NOT NULL,
  price DECIMAL(10,2) NOT NULL,
  location VARCHAR(255) NOT NULL,
  status VARCHAR(255) NOT NULL);

DROP TABLE IF EXISTS `Bin_order`; 
CREATE TABLE Bin_order (
  order_id VARCHAR(50) PRIMARY KEY,
  customer_id INT NOT NULL,
  bin_id VARCHAR(50) NOT NULL,
  day_requested DATE NOT NULL,
  street VARCHAR(255) NOT NULL,
  zip_code INT NOT NULL,
  quantity INT NOT NULL,
  total_amount DECIMAL(10,2) NOT NULL,
  payment_method VARCHAR(255) NOT NULL,
   CHECK (quantity > 0),
   CHECK (total_amount > 0));

DROP TABLE IF EXISTS `Bin_assignment`; 
CREATE TABLE Bin_assignment (
  bin_assignment_id VARCHAR(50) NOT NULL,
  bin_id VARCHAR(50) NOT NULL,
  bin_status VARCHAR(255) NOT NULL,
  order_id VARCHAR(50) NOT NULL,
  time_stamp TIMESTAMP NOT NULL,
  PRIMARY KEY (bin_assignment_id, bin_id,order_id),
  FOREIGN KEY (bin_id) REFERENCES Bin(bin_id),
  FOREIGN KEY (order_id) REFERENCES Bin_order(order_id));

DROP TABLE IF EXISTS `Bin_distribution`; 
CREATE TABLE Bin_distribution (
  distribution_id VARCHAR(50) NOT NULL,
  truck_id  VARCHAR(50) NOT NULL,
  order_id VARCHAR(50) NOT NULL,
  time_stamp TIMESTAMP NOT NULL,
  street VARCHAR(255) NOT NULL,
  zip_code INT NOT NULL,
  PRIMARY KEY (distribution_id, truck_id, order_id),
  FOREIGN KEY (truck_id) REFERENCES Truck(truck_id),
  FOREIGN KEY (order_id) REFERENCES Bin_order(order_id));

DROP TABLE IF EXISTS `Tracking_distribution`; 
CREATE TABLE Tracking_distribution (
  distribution_data_id VARCHAR(50) PRIMARY KEY,
  distribution_id VARCHAR(50) NOT NULL,
  start_location VARCHAR(255) NOT NULL,
  end_location VARCHAR(255) NOT NULL,
  estimated_time TIMESTAMP NOT NULL,
  time_stamp TIMESTAMP NOT NULL,
  FOREIGN KEY (distribution_id) REFERENCES Bin_distribution(distribution_id));

DROP TABLE IF EXISTS `Invoice`; 
CREATE TABLE Invoice (
  invoice_id VARCHAR(50) NOT NULL,
  order_id VARCHAR(50) NOT NULL,
  total_amount DECIMAL(10,2) NOT NULL,
  payment_method VARCHAR(255) NOT NULL,
  issued_date DATE NOT NULL,
  PRIMARY KEY (invoice_id, order_id),
  FOREIGN KEY (order_id) REFERENCES Bin_order(order_id),
  CHECK (total_amount > 0));

DROP TABLE IF EXISTS `Customer_type`; 
CREATE TABLE Customer_type (
  customer_type_id INT PRIMARY KEY,
  customer_type VARCHAR(255) NOT NULL);

DROP TABLE IF EXISTS `Customer`; 
CREATE TABLE Customer (
  customer_id INT PRIMARY KEY,
  customer_type_id INT NOT NULL,
  last_name VARCHAR(255) NOT NULL,
  first_name VARCHAR(255) NOT NULL,
  email VARCHAR(255) UNIQUE,
  phone VARCHAR(255) NOT NULL,
  street VARCHAR(255) NOT NULL,
  zip_code INT NOT NULL,
  FOREIGN KEY (customer_type_id) REFERENCES Customer_type(customer_type_id));

DROP TABLE IF EXISTS `Container`; 
CREATE TABLE Container (
  container_id VARCHAR(50) PRIMARY KEY,
  customer_id INT NOT NULL,
  capacity INT NOT NULL,
  FOREIGN KEY (customer_id) REFERENCES Customer(customer_id));

DROP TABLE IF EXISTS `Container_collection`; 
CREATE TABLE Container_collection (
  collection_id VARCHAR(50) NOT NULL,
  truck_id  VARCHAR(50) NOT NULL,
  container_id VARCHAR(50) NOT NULL,
  bin_assignment_id VARCHAR(50) NOT NULL,
  street VARCHAR(255) NOT NULL,
  zip_code INT NOT NULL,
  date_collected DATE NOT NULL,
  PRIMARY KEY (collection_id,truck_id,container_id,bin_assignment_id),
  FOREIGN KEY (container_id) REFERENCES Container(container_id),
  FOREIGN KEY (truck_id) REFERENCES Truck(truck_id),
  FOREIGN KEY (bin_assignment_id) REFERENCES Bin_assignment(bin_assignment_id));

DROP TABLE IF EXISTS `Notification`; 
CREATE TABLE Notification (
  notification_id VARCHAR(50) PRIMARY KEY,
  customer_id INT NOT NULL,
  content TEXT NOT NULL,
  time_stamp TIMESTAMP NOT NULL,
  FOREIGN KEY (customer_id) REFERENCES Customer(customer_id));

DROP TABLE IF EXISTS `Photo`; 
CREATE TABLE Photo (
  photo_id VARCHAR(50) PRIMARY KEY,
  customer_id INT NOT NULL,
  bin_assignment_id VARCHAR(50) NOT NULL,
  image_URL VARCHAR(255) NOT NULL,
  time_stamp TIMESTAMP NOT NULL,
  FOREIGN KEY (customer_id) REFERENCES Customer(customer_id),
  FOREIGN KEY (bin_assignment_id) REFERENCES Bin_assignment(bin_assignment_id));

DROP TABLE IF EXISTS `Tracking_collection`; 
CREATE TABLE Tracking_collection (
  collection_data_id VARCHAR(50) NOT NULL,
  collection_id VARCHAR(50) NOT NULL,
  start_location VARCHAR(255) NOT NULL,
  end_location VARCHAR(255) NOT NULL,
  estimated_time INT NOT NULL,
  time_stamp TIMESTAMP NOT NULL,
  PRIMARY KEY (collection_data_id, collection_id),
  FOREIGN KEY (collection_id) REFERENCES Container_collection(collection_id));

DROP TABLE IF EXISTS `Receipt_invoice`; 
CREATE TABLE Receipt_invoice (
  receipt_invoice_id VARCHAR(50) NOT NULL,
  invoice_id VARCHAR(50) NOT NULL,
  total_payment DECIMAL(10,2) NOT NULL,
  payment_method VARCHAR(255) NOT NULL,
  payment_date DATE NOT NULL,
  PRIMARY KEY (receipt_invoice_id, invoice_id),
  FOREIGN KEY (invoice_id) REFERENCES Invoice(invoice_id));

DROP TABLE IF EXISTS `Payment_method`; 
CREATE TABLE Payment_method (
  payment_method_id VARCHAR(50) PRIMARY KEY,
  customer_id INT NOT NULL,
  payment_method VARCHAR(255) NOT NULL,
  FOREIGN KEY (customer_id) REFERENCES Customer(customer_id));

DROP TABLE IF EXISTS `Collection_point`; 
CREATE TABLE Collection_point (
  collection_point_id VARCHAR(50) PRIMARY KEY,
  name VARCHAR(255) NOT NULL,
  address VARCHAR(255) NOT NULL,
  status VARCHAR(255) NOT NULL);

DROP TABLE IF EXISTS `Locate_collection_point`; 
CREATE TABLE Locate_collection_point (
  locate_id VARCHAR(50) PRIMARY KEY,
  customer_id INT NOT NULL,
  collection_point_id VARCHAR(50) NOT NULL,
  name VARCHAR(255) NOT NULL,
  address VARCHAR(255) NOT NULL,
  status VARCHAR(255) NOT NULL,
  map_URL VARCHAR(255) NOT NULL,
  FOREIGN KEY (customer_id) REFERENCES Customer(customer_id),
  FOREIGN KEY (collection_point_id) REFERENCES Collection_point(collection_point_id));

DROP TABLE IF EXISTS `Billing_payment`; 
CREATE TABLE Billing_payment (
  billing_payment_id VARCHAR(50) PRIMARY KEY,
  customer_id INT NOT NULL,
  total_payment DECIMAL(10,2) NOT NULL,
  payment_method VARCHAR(255) NOT NULL,
  issued_date DATE NOT NULL,
  FOREIGN KEY (customer_id) REFERENCES Customer(customer_id),
  CHECK (total_payment > 0));

DROP TABLE IF EXISTS `Receipt_payment`; 
CREATE TABLE Receipt_payment (
  receipt_payment_id  VARCHAR(50) NOT NULL,
  billing_payment_id VARCHAR(50) NOT NULL,
  total_payment DECIMAL(10,2) NOT NULL,
  payment_method VARCHAR(255) NOT NULL,
  payment_date DATE NOT NULL,
  PRIMARY KEY (receipt_payment_id, billing_payment_id),
  FOREIGN KEY (billing_payment_id) REFERENCES Billing_payment(billing_payment_id),
  CHECK (total_payment > 0));

DROP TABLE IF EXISTS `Achievement`;
CREATE TABLE Achievement (
  achievement_id  VARCHAR(50) NOT NULL,
  billing_payment_id VARCHAR(50) NOT NULL,
  green_point INT NOT NULL,
  PRIMARY KEY (achievement_id, billing_payment_id),
  FOREIGN KEY (billing_payment_id) REFERENCES Billing_payment(billing_payment_id));

DROP TABLE IF EXISTS `Charity`;
CREATE TABLE Charity (
  charity_id VARCHAR(50) PRIMARY KEY,
  charity_name VARCHAR(255) NOT NULL,
  address VARCHAR(255) NOT NULL,
  website VARCHAR(255) NOT NULL);

DROP TABLE IF EXISTS `Donation`;
CREATE TABLE Donation (
  donation_id VARCHAR(50) PRIMARY KEY,
  receipt_payment_id  VARCHAR(50) NOT NULL,
  charity_id VARCHAR(50) NOT NULL,
  percentage DECIMAL(5,2) NOT NULL,
  donation_amount DECIMAL(10,2) NOT NULL,
  donation_tax_receipt VARCHAR(3) NOT NULL,
  FOREIGN KEY (receipt_payment_id) REFERENCES Receipt_payment(receipt_payment_id),
  FOREIGN KEY (charity_id) REFERENCES Charity(charity_id),
  CHECK (donation_amount > 0));

DROP TABLE IF EXISTS `Fine`;
CREATE TABLE Fine (
  fine_id VARCHAR(50) PRIMARY KEY,
  receipt_payment_id  VARCHAR(50) NOT NULL,
  amount DECIMAL(10,2) NOT NULL,
  payment_method VARCHAR(255) NOT NULL,
  payment_date DATE NOT NULL,
  fine_type VARCHAR(255) NOT NULL,
  FOREIGN KEY (receipt_payment_id) REFERENCES Receipt_payment(receipt_payment_id),
  CHECK (amount > 0));

DROP TABLE IF EXISTS `Wasted_item`;
CREATE TABLE Wasted_item (
  item_id VARCHAR(50) PRIMARY KEY,
  item_name VARCHAR(255) NOT NULL,
  category VARCHAR(255) NOT NULL,
  capacity INT NOT NULL,
  CHECK (capacity > 0));

DROP TABLE IF EXISTS `Checking_process`;
CREATE TABLE Checking_process (
  checking_id VARCHAR(50) PRIMARY KEY,
  item_id VARCHAR(50) NOT NULL,
  container_id VARCHAR(50) NOT NULL,
  billing_payment_id VARCHAR(50) NOT NULL,
  number_item INT NOT NULL,
  category VARCHAR(255) NOT NULL,
  time_stamp TIMESTAMP NOT NULL,
  FOREIGN KEY (item_id) REFERENCES Wasted_item(item_id),
  FOREIGN KEY (container_id) REFERENCES Container(container_id),
  FOREIGN KEY (billing_payment_id) REFERENCES Billing_payment(billing_payment_id),
  CHECK(number_item > 0));

# add indexes

CREATE INDEX idx_driver_name ON Driver (name);

CREATE INDEX idx_truck_availability ON Truck (availability);

CREATE INDEX idx_bin_location ON Bin (location);

CREATE INDEX idx_bin_order_customer_date ON Bin_order (customer_id, day_requested);

CREATE INDEX idx_customer_name ON Customer (last_name, first_name);

CREATE INDEX idx_container_customer ON Container (customer_id);

CREATE INDEX idx_notification_customer_time ON Notification (customer_id, time_stamp);

CREATE INDEX idx_billing_payment_customer ON Billing_payment (customer_id);

CREATE INDEX idx_receipt_payment_billing ON Receipt_payment (billing_payment_id);

CREATE INDEX idx_wasted_item_category ON Wasted_item (category);

# add constraints

ALTER TABLE Bin_assignment
ADD CONSTRAINT fk_bin_assignment_order
FOREIGN KEY (order_id) REFERENCES Bin_order(order_id);

ALTER TABLE Tracking_distribution
ADD CONSTRAINT unique_tracking_distribution UNIQUE (distribution_id, distribution_data_id);

ALTER TABLE Tracking_collection
ADD CONSTRAINT unique_tracking_collection UNIQUE (collection_id, collection_data_id);

ALTER TABLE Charity
ADD CONSTRAINT unique_charity_name UNIQUE (charity_name);

ALTER TABLE Fine
ADD CONSTRAINT fk_fine_receipt_payment
FOREIGN KEY (receipt_payment_id) REFERENCES Receipt_payment(receipt_payment_id);

ALTER TABLE Checking_process
ADD CONSTRAINT fk_checking_process_container
FOREIGN KEY (container_id) REFERENCES Container(container_id);

# Insert data into each table:

INSERT INTO Customer_type (customer_type_id, customer_type) VALUES (1, 'Individual'),
(2, 'Commercial'),
(3, 'Residential');


INSERT INTO Customer (customer_id, customer_type_id, last_name, first_name, email, phone, street, zip_code) 
VALUES
(01, 2, 'Smith', 'John', 'john.smith@email.com', '123-456-7890', '123 Bourke St', 3000),
(02, 1, 'Doe', 'Jane', 'jane.doe@company.com', '555-555-1212', '456 Elm St', 3220),
(03, 3, 'Johnson', 'Robert', 'robert.johnson@email.com', '555-123-4567', '789 Flinders St', 3000),
(04, 2, 'Garcia', 'Samantha', 'samantha.garcia@email.com', '555-867-5309', '321 Swanston St', 3000),
(05, 1, 'Lee', 'Anna', 'anna.lee@email.com', '555-987-6543', '555 Maple Ave', 3214),
(06, 3, 'Chen', 'Amanda', 'amanda.chen@company.com', '555-555-5555', '444 Lonsdale St', 3000),
(07, 2, 'Rodriguez', 'Michael', 'michael.rodriguez@email.com', '555-111-2222', '777 Walnut St', 3216),
(08, 1, 'Kim', 'Emily', 'emily.kim@email.com', '555-222-3333', '888 Spruce St', 3000),
(09, 3, 'Brown', 'Daniel', 'daniel.brown@company.com', '555-444-5555', '999 Oak St', 3350),
(10, 2, 'Davis', 'Megan', 'megan.davis@email.com', '555-123-4567', '111 Pine St', 3000),
(11, 1, 'Doe', 'John', 'john.doe@email.com', '123-456-7890', '123 Main St', 3220),
(12, 3, 'Smith', 'Jane', 'jane.smith@email.com', '555-555-5555', '456 Second St', 3000),
(13, 2, 'Thompson', 'Mike', 'mike.thompson@email.com', '222-222-2222', '789 Third St', 3216),
(14, 1, 'Lee', 'Sarah', 'sarah.lee@email.com', '333-333-3333', '321 Fourth St', 3000),
(15, 3, 'Rodriguez', 'Alex', 'alex.rodriguez@email.com', '444-444-4444', '567 Fifth St', 3350),
(16, 2, 'Gold', 'Megan', 'megan.gold@email.com', '777-777-7777', '246 Sixth St', 3000),
(17, 1, 'Smith', 'Tom', 'tom.smith@company.com', '666-666-6666', '369 Seventh St', 3220),
(18, 3, 'Brown', 'Emily', 'emily.brown@email.com', '888-888-8888', '753 Eighth St', 3000),
(19, 2, 'Lee', 'Portia', 'portia.lee@email.com', '999-999-9999', '951 Ninth St', 3216),
(20, 1, 'Garden', 'Samantha', 'samantha.garden@email.com', '111-111-1111', '147 Tenth St', 3000),
(21, 3, 'Jones', 'Paula', 'paula.jones@email.com', '222-222-2222', '258 Eleventh St', 3350),
(22, 2, 'Thompson', 'Jacob', 'jacob.thompson@email.com', '333-333-3333', '369 Twelfth St', 3000),
(23, 1, 'Davis', 'Ashley', 'ashley.davis@email.com', '444-444-4444', '753 Thirteenth St', 3220),
(24, 3, 'White', 'Oliver', 'oliver.white@email.com', '555-555-5555', '951 Fourteenth St', 3000),
(25, 2, 'Martin', 'Grace', 'grace.martin@email.com', '666-666-6666', '147 Fifteenth St', 3216),
(26, 1, 'Lee', 'Sarah', 'sarah.lee2@email.com', '777-777-7777', '258 Sixteenth St', 3000),
(27, 3, 'Hue', 'John', 'john.hue@email.com', '123-456-7890', '123 Main St', 3350),
(28, 2, 'Dave', 'Jane', 'jane.dave@email.com', '555-555-5555', '456 Second St', 3000),
(29, 1, 'Johnson', 'Mike', 'mike.johnson@email.com', '222-222-2222', '789 Third St', 3220),
(30, 3, 'Brown', 'Sarah', 'sarah.brown@email.com', '333-333-3333', '321 Fourth St', 3000),
(31, 2, 'Chen', 'Alex', 'alex.chen@email.com', '444-444-4444', '567 Fifth St', 3216),
(32, 1, 'Davis', 'Megan', 'megan.davis2@email.com', '777-777-7777', '246 Sixth St', 3000),
(33, 3, 'Hayland', 'Tom', 'tom.hayland@email.com', '666-666-6666', '369 Seventh St', 3350),
(34, 2, 'Brown', 'Emily', 'emily.brown2@email.com', '888-888-8888', '753 Eighth St', 3000),
(35, 1, 'Lee', 'Civteang', 'civteang.lee@email.com', '999-999-9999', '951 Ninth St', 3220),
(36, 3, 'Green', 'Samantha', 'samantha.green@email.com', '111-111-1111', '147 Tenth St', 3000),
(37, 2, 'Rodriguez', 'Paula', 'paula.rodriguez@email.com', '222-222-2222', '258 Eleventh St', 3216),
(38, 1, 'Thompson', 'Adam', 'adam.thompson@email.com', '333-333-3333', '369 Twelfth St', 3000),
(39, 3, 'Davis', 'Anne', 'anne.davis@email.com', '444-444-4444', '753 Thirteenth St', 3350),
(40, 2, 'White', 'Jameela', 'jameela.white@email.com', '555-555-5555', '951 Fourteenth St', 3000),
(41, 1, 'Martin', 'Grace', 'grace.martin2@email.com', '666-666-6666', '147 Fifteenth St', 3220),
(42, 3, 'Lee', 'Andrew', 'andrew.lee@email.com', '777-777-7777', '258 Sixteenth St', 3000),
(43, 2, 'Johnson', 'Alice', 'alice.johnson@email.com', '0412 345 678', '123 Main St', 3216),
(44, 1, 'Smith', 'Bob', 'bob.smith@email.com', '0413 456 789', '456 Elm St', 3000),
(45, 3, 'Davis', 'Catherine', 'catherine.davis@email.com', '0421 234 567', '789 Oak Ave', 3350),
(46, 2, 'Williams', 'David', 'david.williams@company.com', '0432 345 678', '567 Pine Rd', 3000),
(47, 1, 'Miller', 'Emma', 'emma.miller@email.com', '0434 567 890', '789 Maple Ln', 3220),
(48, 3, 'Brown', 'Frank', 'frank.brown@company.com', '0415 678 901', '123 Elm St', 3000),
(49, 2, 'Taylor', 'Grace', 'grace.taylor@email.com', '0423 456 789', '456 Oak Ave', 3216),
(50, 1, 'Jackson', 'Henry', 'henry.jackson@email.com', '0435 678 901', '789 Pine Rd', 3000),
(51, 3, 'Martinez', 'Isabella', 'isabella.martinez@email.com', '0416 789 012', '567 Birch Dr', 3350),
(52, 2, 'Wilson', 'Jacob', 'jacob.wilson@email.com', '0425 678 901', '123 Cedar St', 3000),
(53, 1, 'Thompson', 'Katherine', 'katherine.thompson@email.com', '0437 890 123', '456 Maple Ln', 3220),
(54, 3, 'Anderson', 'Liam', 'liam.anderson@email.com', '0418 901 234', '789 Elm St', 3000),
(55, 2, 'Martinez', 'Mia', 'mia.martinez@email.com', '0427 012 345', '567 Oak Ave', 3216),
(56, 1, 'Harris', 'Noah', 'noah.harris@company.com', '0439 012 345', '789 Pine Rd', 3000),
(57, 3, 'Davis', 'Olivia', 'olivia.davis@email.com', '0410 123 456', '123 Birch Dr', 3350),
(58, 2, 'Clark', 'Patrick', 'patrick.clark@email.com', '0422 345 678', '456 Cedar St', 3000),
(59, 1, 'Lewis', 'Quinn', 'quinn.lewis@email.com', '0411 234 567', '789 Maple Ln', 3220),
(60, 3, 'Nelson', 'Ruby', 'ruby.nelson@email.com', '0424 567 890', '567 Elm St', 3000),
(61, 2, 'Hall', 'Samuel', 'samuel.hall@email.com', '0413 678 901', '789 Oak Ave', 3216),
(62, 1, 'Garcia', 'Taylor', 'taylor.garcia@email.com', '0426 789 012', '567 Pine Rd', 3000),
(63, 3, 'Wright', 'Uma', 'uma.wright@email.com', '0415 890 123', '123 Maple Ln', 3350),
(64, 2, 'Young', 'Vincent', 'vincent.young@email.com', '0428 901 234', '456 Elm St', 3000),
(65, 1, 'Martinez', 'Willow', 'willow.martinez@email.com', '0417 012 345', '789 Oak Ave', 3220),
(66, 3, 'Scott', 'Xavier', 'xavier.scott@email.com', '0430 123 456', '567 Pine Rd', 3000),
(67, 2, 'Adams', 'Yasmine', 'yasmine.adams@email.com', '0429 234 567', '123 Maple Ln', 3216),
(68, 1, 'Perez', 'Zachary', 'zachary.perez@email.com', '0432 345 678', '456 Elm St', 3000),
(69, 3, 'Green', 'Amelia', 'amelia.green@email.com', '0433 456 789', '789 Oak Ave', 3350),
(70, 2, 'King', 'Benjamin', 'benjamin.king@email.com', '0414 567 890', '567 Pine Rd', 3000),
(71, 1, 'Martinez', 'Chloe', 'chloe.martinez@email.com', '0420 678 901', '123 Cedar St', 3220),
(72, 3, 'Allen', 'Daniel', 'daniel.allen@email.com', '0431 789 012', '456 Elm St', 3000),
(73, 2, 'Turner', 'Ella', 'ella.turner@email.com', '0416 890 123', '789 Birch Dr', 3216),
(74, 1, 'Lewis', 'Finn', 'finn.lewis@email.com', '0423 901 234', '123 Maple Ln', 3000),
(75, 3, 'Young', 'Grace', 'grace.young@email.com', '0435 012 345', '456 Elm St', 3350),
(76, 2, 'Davis', 'Henry', 'henry.davis@email.com', '0417 123 456', '789 Oak Ave', 3000),
(77, 1, 'Adams', 'Isabella', 'isabella.adams@email.com', '0429 234 567', '567 Pine Rd', 3220),
(78, 3, 'Johnson', 'Jack', 'jack.johnson@email.com', '0430 345 678', '123 Elm St', 3000),
(79, 2, 'Brown', 'Kate', 'kate.brown@email.com', '0412 456 789', '456 Oak Ave', 3216),
(80, 1, 'Smith', 'Liam', 'liam.smith@email.com', '0423 567 890', '789 Maple Ln', 3000),
(81, 3, 'Davis', 'Mia', 'mia.davis@email.com', '0434 678 901', '123 Cedar St', 3350),
(82, 2, 'Martinez', 'Noah', 'noah.martinez@email.com', '0415 789 012', '456 Elm St', 3000),
(83, 1, 'Wilson', 'Olivia', 'olivia.wilson@email.com', '0416 890 123', '123 Birch Dr', 3220),
(84, 3, 'Miller', 'Patrick', 'patrick.miller@email.com', '0423 901 234', '456 Cedar St', 3000),
(85, 2, 'Taylor', 'Quinn', 'quinn.taylor@email.com', '0435 012 345', '789 Elm St', 3216),
(86, 1, 'Clark', 'Ruby', 'ruby.clark@email.com', '0417 123 456', '567 Oak Ave', 3000),
(87, 3, 'Johnson', 'Samuel', 'samuel.johnson@email.com', '0429 234 567', '123 Pine Rd', 3350),
(88, 2, 'Martinez', 'Taylor', 'taylor.martinez@email.com', '0430 345 678', '456 Birch Dr', 3000),
(89, 1, 'Harris', 'Uma', 'uma.harris@email.com', '0411 456Claude does not have internet access. Links provided may not be accurate or up to date.HItiếp789', '789 Cedar St', 3220),
(90, 3, 'Davis', 'Vincent', 'vincent.davis@email.com', '0422 567 890', '123 Elm St', 3000),
(91, 2, 'Thompson', 'Willow', 'willow.thompson@email.com', '0433 678 901', '456 Maple Ln', 3216),
(92, 1, 'Adams', 'Xavier', 'xavier.adams@email.com', '0433 678 901', '456 Maple Ln', 3000),
(93, 3, 'Johnson', 'Yasmine', 'yasmine.johnson@email.com', '0414 789 012', '789 Pine Rd', 3350),
(94, 2, 'Wilson', 'Zachary', 'zachary.wilson@email.com', '0425 890 123', '123 Cedar St', 3000),
(95, 1, 'Smith', 'Amelia', 'amelia.smith@email.com', '0436 901 234', '456 Birch Dr', 3220),
(96, 3, 'Miller', 'Benjamin', 'benjamin.miller@email.com', '0417 012 345', '789 Oak Ave', 3000),
(97, 2, 'Clark', 'Chloe', 'chloe.clark@email.com', '0428 123 456', '567 Pine Rd', 3216),
(98, 1, 'Adams', 'Daniel', 'daniel.adams@email.com', '0439 234 567', '123 Cedar St', 3000),
(99, 3, 'Harris', 'Ella', 'ella.harris@email.com', '0410 345 678', '456 Elm St', 3350),
(100, 2, 'Miller', 'Finn', 'finn.miller@email.com', '0421 456 789', '789 Oak Ave', 3000);

INSERT INTO Driver (driver_id, name, phone, dob) VALUES
('D1', 'John Doe', '555-1234', '1985-05-15'),
('D2', 'Jane Smith', '555-5678', '1990-11-22'),
('D3', 'Michael Johnson', '555-9012', '1982-07-08'),
('D4', 'Emily Davis', '555-3456', '1988-03-10'),
('D5', 'Robert Wilson', '555-7890', '1975-12-28'),
('D6', 'Olivia Martinez', '555-2345', '1993-09-03'),
('D7', 'Daniel Thompson', '555-6789', '1979-06-19'),
('D8', 'Sophia Hernandez', '555-0123', '1986-02-14'),
('D9', 'William Moore', '555-4567', '1992-11-30'),
('D10', 'Isabella Garcia', '555-8901', '1980-08-05');



INSERT INTO Truck (truck_id, availability, capacity, type_of_truck) VALUES
('T1', 'Available', 5000, 'Collection Truck'),
('T2', 'Maintenance', 8000, 'Distribution Truck'),
('T3', 'Available', 10000, 'Distribution Truck'),
('T4', 'In Use', 6000, 'Collection Truck'),
('T5', 'Available', 7500, 'Collection Truck'),
('T6', 'Maintenance', 4000, 'Collection Truck'),
('T7', 'In Use', 9000, 'Distribution Truck'),
('T8', 'Available', 6500, 'Collection Truck'),
('T9', 'Maintenance', 8500, 'Distribution Truck'),
('T10', 'In Use', 7000, 'Collection Truck');


INSERT INTO Driver_schedule (schedule_id, driver_id, truck_id) VALUES
('S1', 'D1', 'T1'),
('S2', 'D2', 'T2'),
('S3', 'D3', 'T3'),
('S4', 'D4', 'T4'),
('S5', 'D5', 'T5'),
('S6', 'D6', 'T6'),
('S7', 'D7', 'T7'),
('S8', 'D8', 'T8'),
('S9', 'D9', 'T9'),
('S10', 'D10', 'T10');


INSERT INTO Maintenance_schedule (maintenance_schedule_id, truck_id, maintenance_type, date) VALUES
('MS1', 'T1', 'Oil Change', '2023-06-01'),
('MS2', 'T2', 'Brake Inspection', '2023-07-15'),
('MS3', 'T3', 'Engine Tune-up', '2023-08-20'),
('MS4', 'T4', 'Tire Rotation', '2023-09-05'),
('MS5', 'T5', 'Full Service', '2023-10-10'),
('MS6', 'T6', 'Oil Change', '2023-11-01'),
('MS7', 'T7', 'Brake Inspection', '2023-12-15'),
('MS8', 'T8', 'Engine Tune-up', '2024-01-20'),
('MS9', 'T9', 'Tire Rotation', '2024-02-05'),
('MS10', 'T10', 'Full Service', '2024-03-10');



INSERT INTO Billing_payment (billing_payment_id, customer_id, total_payment, payment_method, issued_date)
VALUES
('BP1', 1, 150.00, 'Direct Debit', '2023-01-18'),
('BP2', 2, 75.50, 'Bank Transfer', '2023-09-28'),
('BP3', 3, 200.00, 'Cash', '2023-03-23'),
('BP4', 4, 120.75, 'Direct Debit', '2023-11-28'),
('BP5', 5, 80.00, 'Cash', '2023-06-05'),
('BP6', 6, 175.25, 'Bank Transfer', '2023-10-07'),
('BP7', 7, 90.00, 'Direct Debit', '2023-12-06'),
('BP8', 8, 50.00, 'Cash', '2023-10-18'),
('BP9', 9, 225.00, 'Bank Transfer', '2023-06-11'),
('BP10', 10, 110.50, 'Direct Debit', '2023-09-27'),
('BP11', 11, 140.00, 'Cash', '2023-07-01'),
('BP12', 12, 95.75, 'Bank Transfer', '2023-07-15'),
('BP13', 13, 180.00, 'Direct Debit', '2023-08-07'),
('BP14', 14, 65.25, 'Cash', '2023-06-10'),
('BP15', 15, 210.50, 'Bank Transfer', '2023-05-09'),
('BP16', 16, 100.00, 'Direct Debit', '2023-07-28'),
('BP17', 17, 130.75, 'Cash', '2023-10-10'),
('BP18', 18, 85.00, 'Bank Transfer', '2023-04-15'),
('BP19', 19, 155.25, 'Direct Debit', '2023-08-13'),
('BP20', 20, 70.50, 'Cash', '2023-07-29'),
('BP21', 21, 190.00, 'Bank Transfer', '2023-03-08'),
('BP22', 22, 115.75, 'Direct Debit', '2023-11-11'),
('BP23', 23, 160.50, 'Cash', '2023-02-07'),
('BP24', 24, 90.25, 'Bank Transfer', '2023-04-03'),
('BP25', 25, 135.00, 'Direct Debit', '2023-06-10'),
('BP26', 26, 80.75, 'Cash', '2023-12-15'),
('BP27', 27, 205.50, 'Bank Transfer', '2023-05-20'),
('BP28', 28, 125.25, 'Direct Debit', '2023-07-17'),
('BP29', 29, 170.00, 'Cash', '2023-12-21'),
('BP30', 30, 95.75, 'Bank Transfer', '2023-11-21'),
('BP31', 31, 145.50, 'Direct Debit', '2023-12-20'),
('BP32', 32, 75.00, 'Cash', '2023-05-22'),
('BP33', 33, 200.25, 'Bank Transfer', '2023-04-16'),
('BP34', 34, 120.50, 'Direct Debit', '2023-01-19'),
('BP35', 35, 165.75, 'Cash', '2023-03-31'),
('BP36', 36, 100.00, 'Bank Transfer', '2023-10-07'),
('BP37', 37, 150.25, 'Direct Debit', '2023-08-19'),
('BP38', 38, 85.50, 'Cash', '2023-11-27'),
('BP39', 39, 220.00, 'Bank Transfer', '2023-08-19'),
('BP40', 40, 105.75, 'Direct Debit', '2023-10-01'),
('BP41', 41, 130.50, 'Cash', '2023-09-18'),
('BP42', 42, 90.25, 'Bank Transfer', '2023-10-31'),
('BP43', 43, 175.00, 'Direct Debit', '2023-10-05'),
('BP44', 44, 60.75, 'Cash', '2023-12-24'),
('BP45', 45, 195.50, 'Bank Transfer', '2023-07-14'),
('BP46', 46, 110.25, 'Direct Debit', '2023-03-25'),
('BP47', 47, 155.00, 'Cash', '2023-11-20'),
('BP48', 48, 95.75, 'Bank Transfer', '2023-05-02'),
('BP49', 49, 140.50, 'Direct Debit', '2023-09-17'),
('BP50', 50, 80.00, 'Cash', '2023-07-30'),
('BP51', 51, 210.25, 'Bank Transfer', '2023-07-29'),
('BP52', 52, 125.50, 'Direct Debit', '2023-09-03'),
('BP53', 53, 170.75, 'Cash', '2023-01-09'),
('BP54', 54, 105.00, 'Bank Transfer', '2023-11-01'),
('BP55', 55, 160.25, 'Direct Debit', '2023-02-17'),
('BP56', 56, 90.50, 'Cash', '2023-08-25'),
('BP57', 57, 135.75, 'Bank Transfer', '2023-05-24'),
('BP58', 58, 75.00, 'Direct Debit', '2023-04-30'),
('BP59', 59, 200.50, 'Cash', '2023-02-04'),
('BP60', 60, 120.25, 'Bank Transfer', '2023-02-02'),
('BP61', 61, 165.00, 'Direct Debit', '2023-07-22'),
('BP62', 62, 100.75, 'Cash', '2023-09-16'),
('BP63', 63, 150.50, 'Bank Transfer', '2023-07-06'),
('BP64', 64, 85.25, 'Direct Debit', '2023-02-18'),
('BP65', 65, 220.00, 'Cash', '2023-07-27'),
('BP66', 66, 110.75, 'Bank Transfer', '2023-03-21'),
('BP67', 67, 145.50, 'Direct Debit', '2023-08-07'),
('BP68', 68, 80.00, 'Cash', '2023-01-26'),
('BP69', 69, 205.25, 'Bank Transfer', '2023-01-04'),
('BP70', 70, 130.50, 'Direct Debit', '2023-03-15'),
('BP71', 71, 175.75, 'Cash', '2023-03-11'),
('BP72', 72, 115.00, 'Bank Transfer', '2023-09-15'),
('BP73', 73, 160.25, 'Direct Debit', '2023-08-26'),
('BP74', 74, 95.50, 'Cash', '2023-12-06'),
('BP75', 75, 140.75, 'Bank Transfer', '2023-09-07'),
('BP76', 76, 70.00, 'Direct Debit', '2023-09-30'),
('BP77', 77, 195.50, 'Cash', '2023-05-25'),
('BP78', 78, 105.25, 'Bank Transfer', '2023-01-08'),
('BP79', 79, 155.00, 'Direct Debit', '2023-11-07'),
('BP80', 80, 90.75, 'Cash', '2023-06-02'),
('BP81', 81, 135.50, 'Bank Transfer', '2023-01-25'),
('BP82', 82, 75.25, 'Direct Debit', '2023-09-18'),
('BP83', 83, 210.00, 'Cash', '2023-05-10'),
('BP84', 84, 125.75, 'Bank Transfer', '2023-02-27'),
('BP85', 85, 170.50, 'Direct Debit', '2023-12-20'),
('BP86', 86, 100.00, 'Cash', '2023-07-01'),
('BP87', 87, 150.75, 'Bank Transfer', '2023-11-10'),
('BP88', 88, 85.50, 'Direct Debit', '2023-08-30'),
('BP89', 89, 220.25, 'Cash', '2023-11-28'),
('BP90', 90, 110.00, 'Bank Transfer', '2023-09-30'),
('BP91', 91, 145.75, 'Direct Debit', '2023-06-07'),
('BP92', 92, 80.50, 'Cash', '2023-12-11'),
('BP93', 93, 205.00, 'Bank Transfer', '2023-06-12'),
('BP94', 94, 130.75, 'Direct Debit', '2023-02-15'),
('BP95', 95, 175.50, 'Cash', '2023-04-25'),
('BP96', 96, 115.25, 'Bank Transfer', '2023-02-12'),
('BP97', 97, 160.00, 'Direct Debit', '2023-10-15'),
('BP98', 98, 95.75, 'Cash', '2023-04-05'),
('BP99', 99, 140.50, 'Bank Transfer', '2023-05-31'),
('BP100', 100, 90.25, 'Direct Debit', '2023-07-12'),
('BP101', 1, 155.75, 'Direct Debit', '2023-03-06'),
('BP102', 2, 90.25, 'Cash', '2023-09-18'),
('BP103', 3, 225.00, 'Bank Transfer', '2023-01-22'),
('BP104', 4, 135.50, 'Direct Debit', '2023-01-15'),
('BP105', 5, 170.75, 'Cash', '2023-03-07'),
('BP106', 6, 105.00, 'Bank Transfer', '2023-10-19'),
('BP107', 7, 160.25, 'Direct Debit', '2023-06-16'),
('BP108', 8, 95.50, 'Cash', '2023-08-01'),
('BP109', 9, 230.75, 'Bank Transfer', '2023-09-04'),
('BP110', 10, 125.00, 'Direct Debit', '2023-01-27'),
('BP111', 11, 165.25, 'Cash', '2023-04-18'),
('BP112', 12, 100.50, 'Bank Transfer', '2023-12-12'),
('BP113', 13, 235.75, 'Direct Debit', '2023-10-16'),
('BP114', 14, 120.00, 'Cash', '2023-12-16'),
('BP115', 15, 155.25, 'Bank Transfer', '2023-08-05'),
('BP116', 16, 90.00, 'Direct Debit', '2023-01-28'),
('BP117', 17, 225.50, 'Cash', '2023-02-14'),
('BP118', 18, 110.75, 'Bank Transfer', '2023-03-24'),
('BP119', 19, 145.00, 'Direct Debit', '2023-05-19'),
('BP120', 20, 80.25, 'Cash', '2023-12-16'),
('BP121', 21, 210.00, 'Bank Transfer', '2023-12-26'),
('BP122', 22, 130.75, 'Direct Debit', '2023-10-27'),
('BP123', 23, 175.50, 'Cash', '2023-06-08'),
('BP124', 24, 115.25, 'Bank Transfer', '2023-03-14'),
('BP125', 25, 160.00, 'Direct Debit', '2023-01-12'),
('BP126', 26, 95.75, 'Cash', '2023-03-27'),
('BP127', 27, 140.50, 'Bank Transfer', '2023-08-23'),
('BP128', 28, 70.25, 'Direct Debit', '2023-01-19'),
('BP129', 29, 200.00, 'Cash', '2023-11-24'),
('BP130', 30, 135.75, 'Bank Transfer', '2023-08-10'),
('BP131', 31, 170.50, 'Direct Debit', '2023-01-18'),
('BP132', 32, 105.25, 'Cash', '2023-06-28'),
('BP133', 33, 240.00, 'Bank Transfer', '2023-06-14'),
('BP134', 34, 125.75, 'Direct Debit', '2023-06-13'),
('BP135', 35, 165.50, 'Cash', '2023-09-09'),
('BP136', 36, 100.25, 'Bank Transfer', '2023-01-10'),
('BP137', 37, 235.00, 'Direct Debit', '2023-08-10'),
('BP138', 38, 120.75, 'Cash', '2023-05-28'),
('BP139', 39, 155.50, 'Bank Transfer', '2023-09-18'),
('BP140', 40, 90.25, 'Direct Debit', '2023-08-18'),
('BP141', 41, 225.00, 'Cash', '2023-05-05'),
('BP142', 42, 135.75, 'Bank Transfer', '2023-02-06'),
('BP143', 43, 170.50, 'Direct Debit', '2023-08-31'),
('BP144', 44, 105.25, 'Cash', '2023-12-15'),
('BP145', 45, 240.00, 'Bank Transfer', '2023-03-27'),
('BP146', 46, 125.75, 'Direct Debit', '2023-08-17'),
('BP147', 47, 165.50, 'Cash', '2023-07-15'),
('BP148', 48, 100.25, 'Bank Transfer', '2023-06-20'),
('BP149', 49, 235.00, 'Direct Debit', '2023-01-16'),
('BP150', 50, 120.75, 'Cash', '2023-01-20'),
('BP151', 51, 155.50, 'Bank Transfer', '2023-06-23'),
('BP152', 52,90.25, 'Direct Debit', '2023-06-01'),
('BP153', 53, 225.00, 'Cash', '2023-05-25'),
('BP154', 54, 135.75, 'Bank Transfer', '2023-11-24'),
('BP155', 55, 170.50, 'Direct Debit', '2023-05-12'),
('BP156', 56, 105.25, 'Cash', '2023-12-13'),
('BP157', 57, 240.00, 'Bank Transfer', '2023-02-23'),
('BP158', 58, 125.75, 'Direct Debit', '2023-12-25'),
('BP159', 59, 165.50, 'Cash', '2023-08-10'),
('BP160', 60, 100.25, 'Bank Transfer', '2023-06-21'),
('BP161', 61, 235.00, 'Direct Debit', '2023-08-20'),
('BP162', 62, 120.75, 'Cash', '2023-07-01'),
('BP163', 63, 155.50, 'Bank Transfer', '2023-10-01'),
('BP164', 64, 90.25, 'Direct Debit', '2023-07-14'),
('BP165', 65, 225.00, 'Cash', '2023-11-14'),
('BP166', 66, 135.75, 'Bank Transfer', '2023-07-23'),
('BP167', 67, 170.50, 'Direct Debit', '2023-10-17'),
('BP168', 68, 105.25, 'Cash', '2023-07-17'),
('BP169', 69, 240.00, 'Bank Transfer', '2023-09-29'),
('BP170', 70, 125.75, 'Direct Debit', '2023-08-10'),
('BP171', 71, 165.50, 'Cash', '2023-02-11'),
('BP172', 72, 100.25, 'Bank Transfer', '2023-06-06'),
('BP173', 73, 235.00, 'Direct Debit', '2023-07-31'),
('BP174', 74, 120.75, 'Cash', '2023-06-23'),
('BP175', 75, 155.50, 'Bank Transfer', '2023-01-02'),
('BP176', 76, 90.25, 'Direct Debit', '2023-02-19'),
('BP177', 77, 225.00, 'Cash', '2023-01-01'),
('BP178', 78, 135.75, 'Bank Transfer', '2023-06-17'),
('BP179', 79, 170.50, 'Direct Debit', '2023-07-30'),
('BP180', 80, 105.25, 'Cash', '2023-07-23'),
('BP181', 81, 240.00, 'Bank Transfer', '2023-01-10'),
('BP182', 82, 125.75, 'Direct Debit', '2023-10-29'),
('BP183', 83, 165.50, 'Cash', '2023-10-06'),
('BP184', 84, 100.25, 'Bank Transfer', '2023-03-17'),
('BP185', 85, 235.00, 'Direct Debit', '2023-03-30'),
('BP186', 86, 120.75, 'Cash', '2023-08-13'),
('BP187', 87, 155.50, 'Bank Transfer', '2023-02-27'),
('BP188', 88, 90.25, 'Direct Debit', '2023-04-06'),
('BP189', 89, 225.00, 'Cash', '2023-11-13'),
('BP190', 90, 135.75, 'Bank Transfer', '2023-01-23'),
('BP191', 91, 170.50, 'Direct Debit', '2023-01-07'),
('BP192', 92, 105.25, 'Cash', '2023-01-28'),
('BP193', 93, 240.00, 'Bank Transfer', '2023-08-08'),
('BP194', 94, 125.75, 'Direct Debit', '2023-06-22'),
('BP195', 95, 165.50, 'Cash', '2023-12-15'),
('BP196', 96, 100.25, 'Bank Transfer', '2023-05-28'),
('BP197', 97, 235.00, 'Direct Debit', '2023-10-18'),
('BP198', 98, 120.75, 'Cash', '2023-04-07'),
('BP199', 99, 155.50, 'Bank Transfer', '2023-06-05'),
('BP200', 100, 90.25, 'Direct Debit', '2023-07-12');


  INSERT INTO Receipt_payment (receipt_payment_id, billing_payment_id, total_payment, payment_method, payment_date)
VALUES
('RP1', 'BP1', 150.00, 'Direct Debit', '2023-01-18'),
('RP2', 'BP2', 75.50, 'Bank Transfer', '2023-09-28'),
('RP3', 'BP3', 200.00, 'Cash', '2023-03-23'),
('RP4', 'BP4', 120.75, 'Direct Debit', '2023-11-28'),
('RP5', 'BP5', 80.00, 'Bank Transfer', '2023-06-05'),
('RP6', 'BP6', 175.25, 'Cash', '2023-10-07'),
('RP7', 'BP7', 90.00, 'Direct Debit', '2023-12-06'),
('RP8', 'BP8', 50.00, 'Bank Transfer', '2023-10-18'),
('RP9', 'BP9', 225.00, 'Cash', '2023-06-11'),
('RP10', 'BP10', 110.50, 'Direct Debit', '2023-09-27'),
('RP11', 'BP11', 140.00, 'Bank Transfer', '2023-07-01'),
('RP12', 'BP12', 95.75, 'Bank Transfer', '2023-07-15'),
('RP13', 'BP13', 180.00, 'Direct Debit', '2023-08-07'),
('RP14', 'BP14', 65.25, 'Bank Transfer', '2023-06-10'),
('RP15', 'BP15', 210.50, 'Cash', '2023-05-09'),
('RP16', 'BP16', 100.00, 'Direct Debit', '2023-07-28'),
('RP17', 'BP17', 130.75, 'Cash', '2023-10-10'),
('RP18', 'BP18', 85.00, 'Bank Transfer', '2023-04-15'),
('RP19', 'BP19', 155.25, 'Direct Debit', '2023-08-13'),
('RP20', 'BP20', 70.50, 'Cash', '2023-07-29'),
('RP21', 'BP21', 190.00, 'Cash', '2023-03-08'),
('RP22', 'BP22', 115.75, 'Direct Debit', '2023-11-11'),
('RP23', 'BP23', 160.50, 'Bank Transfer', '2023-02-07'),
('RP24', 'BP24', 90.25, 'Bank Transfer', '2023-04-03'),
('RP25', 'BP25', 135.00, 'Direct Debit', '2023-06-10'),
('RP26', 'BP26', 80.75, 'Cash', '2023-12-15'),
('RP27', 'BP27', 205.50, 'Bank Transfer', '2023-05-20'),
('RP28', 'BP28', 125.25, 'Direct Debit', '2023-07-17'),
('RP29', 'BP29', 170.00, 'Bank Transfer', '2023-12-21'),
('RP30', 'BP30', 95.75, 'Bank Transfer', '2023-11-21'),
('RP31', 'BP31', 145.50, 'Direct Debit', '2023-12-20'),
('RP32', 'BP32', 75.00, 'Cash', '2023-05-22'),
('RP33', 'BP33', 200.25, 'Cash', '2023-04-16'),
('RP34', 'BP34', 120.50, 'Direct Debit', '2023-01-19'),
('RP35', 'BP35', 165.75, 'Bank Transfer', '2023-03-31'),
('RP36', 'BP36', 100.00, 'Cash', '2023-10-07'),
('RP37', 'BP37', 150.25, 'Direct Debit', '2023-08-19'),
('RP38', 'BP38', 85.50, 'Cash', '2023-11-27'),
('RP39', 'BP39', 220.00, 'Bank Transfer', '2023-08-19'),
('RP40', 'BP40', 105.75, 'Direct Debit', '2023-10-01'),
('RP41', 'BP41', 130.50, 'Cash', '2023-09-18'),
('RP42', 'BP42', 90.25, 'Bank Transfer', '2023-10-31'),
('RP43', 'BP43', 175.00, 'Direct Debit', '2023-10-05'),
('RP44', 'BP44', 60.75, 'Bank Transfer', '2023-12-24'),
('RP45', 'BP45', 195.50, 'Cash', '2023-07-14'),
('RP46', 'BP46', 110.25, 'Direct Debit', '2023-03-25'),
('RP47', 'BP47', 155.00, 'Bank Transfer', '2023-11-20'),
('RP48', 'BP48', 95.75, 'Cash', '2023-05-02'),
('RP49', 'BP49', 140.50, 'Direct Debit', '2023-09-17'),
('RP50', 'BP50', 80.00, 'Bank Transfer', '2023-07-30'),
('RP51', 'BP51', 210.25, 'Cash', '2023-07-29'),
('RP52', 'BP52', 125.50, 'Direct Debit', '2023-09-03'),
('RP53', 'BP53', 170.75, 'Bank Transfer', '2023-01-09'),
('RP54', 'BP54', 105.00, 'Cash', '2023-11-01'),
('RP55', 'BP55', 160.25, 'Direct Debit', '2023-02-17'),
('RP56', 'BP56', 90.50, 'Bank Transfer', '2023-08-25'),
('RP57', 'BP57', 135.75, 'Cash', '2023-05-24'),
('RP58', 'BP58', 75.00, 'Direct Debit', '2023-04-30'),
('RP59', 'BP59', 200.50, 'Bank Transfer', '2023-02-04'),
('RP60', 'BP60', 120.25, 'Cash', '2023-02-02'),
('RP61', 'BP61', 165.00, 'Direct Debit', '2023-07-22'),
('RP62', 'BP62', 100.75, 'Bank Transfer', '2023-09-16'),
('RP63', 'BP63', 150.50, 'Cash', '2023-07-06'),
('RP64', 'BP64', 85.25, 'Direct Debit', '2023-02-18'),
('RP65', 'BP65', 220.00, 'Bank Transfer', '2023-07-27'),
('RP66', 'BP66', 110.75, 'Cash', '2023-03-21'),
('RP67', 'BP67', 145.50, 'Direct Debit', '2023-08-07'),
('RP68', 'BP68', 80.00, 'Bank Transfer', '2023-01-26'),
('RP69', 'BP69', 205.25, 'Cash', '2023-01-04'),
('RP70', 'BP70', 130.50, 'Direct Debit', '2023-03-15'),
('RP71', 'BP71', 175.75, 'Bank Transfer', '2023-03-11'),
('RP72', 'BP72', 115.00, 'Cash', '2023-09-15'),
('RP73', 'BP73', 160.25, 'Direct Debit', '2023-08-26'),
('RP74', 'BP74', 95.50, 'Bank Transfer', '2023-12-06'),
('RP75', 'BP75', 140.75, 'Cash', '2023-09-07'),
('RP76', 'BP76', 70.00, 'Direct Debit', '2023-09-30'),
('RP77', 'BP77', 195.50, 'Bank Transfer', '2023-05-25'),
('RP78', 'BP78', 105.25, 'Cash', '2023-01-08'),
('RP79', 'BP79', 155.00, 'Direct Debit', '2023-11-07'),
('RP80', 'BP80', 90.75, 'Bank Transfer', '2023-06-02'),
('RP81', 'BP81', 135.50, 'Cash', '2023-01-25'),
('RP82', 'BP82', 75.25, 'Direct Debit', '2023-09-18'),
('RP83', 'BP83', 210.00, 'Bank Transfer', '2023-05-10'),
('RP84', 'BP84', 125.75, 'Cash', '2023-02-27'),
('RP85', 'BP85', 170.50, 'Direct Debit', '2023-12-20'),
('RP86', 'BP86', 100.00, 'Bank Transfer', '2023-07-01'),
('RP87', 'BP87', 150.75, 'Cash', '2023-11-10'),
('RP88', 'BP88', 85.50, 'Direct Debit', '2023-08-30'),
('RP89', 'BP89', 220.25, 'Bank Transfer', '2023-11-28'),
('RP90', 'BP90', 110.00, 'Bank Transfer', '2023-09-30'),
('RP91', 'BP91', 145.75, 'Direct Debit', '2023-06-07'),
('RP92', 'BP92', 80.50, 'Cash', '2023-12-11'),
('RP93', 'BP93', 205.00, 'Bank Transfer', '2023-06-12'),
('RP94', 'BP94', 130.75, 'Direct Debit', '2023-02-15'),
('RP95', 'BP95', 175.50, 'Cash', '2023-04-25'),
('RP96', 'BP96', 115.25, 'Bank Transfer', '2023-02-12'),
('RP97', 'BP97', 160.00, 'Direct Debit', '2023-10-15'),
('RP98', 'BP98', 95.75, 'Cash', '2023-04-05'),
('RP99', 'BP99', 140.50, 'Bank Transfer', '2023-05-31'),
('RP100', 'BP100', 70.25, 'Direct Debit', '2023-10-16'),
('RP101', 'BP101', 155.75, 'Direct Debit', '2023-03-06'),
('RP102', 'BP102', 90.25, 'Cash', '2023-09-18'),
('RP103', 'BP103', 225.00, 'Bank Transfer', '2023-01-22'),
('RP104', 'BP104', 135.50, 'Direct Debit', '2023-01-15'),
('RP105', 'BP105', 170.75, 'Cash', '2023-03-07'),
('RP106', 'BP106', 105.00, 'Bank Transfer', '2023-10-19'),
('RP107', 'BP107', 160.25, 'Direct Debit', '2023-06-16'),
('RP108', 'BP108', 95.50, 'Cash', '2023-08-01'),
('RP109', 'BP109', 230.75, 'Bank Transfer', '2023-09-04'),
('RP110', 'BP110', 125.00, 'Direct Debit', '2023-01-27'),
('RP111', 'BP111', 165.25, 'Cash', '2023-04-18'),
('RP112', 'BP112', 100.50, 'Bank Transfer', '2023-12-12'),
('RP113', 'BP113', 235.75, 'Direct Debit', '2023-10-16'),
('RP114', 'BP114', 120.00, 'Cash', '2023-12-16'),
('RP115', 'BP115', 155.25, 'Bank Transfer', '2023-08-05'),
('RP116', 'BP116', 90.00, 'Direct Debit', '2023-01-28'),
('RP117', 'BP117', 225.50, 'Cash', '2023-02-14'),
('RP118', 'BP118', 110.75, 'Bank Transfer', '2023-03-24'),
('RP119', 'BP119', 145.00, 'Direct Debit', '2023-05-19'),
('RP120', 'BP120', 80.25, 'Cash', '2023-12-16'),
('RP121', 'BP121', 210.00, 'Bank Transfer', '2023-12-26'),
('RP122', 'BP122', 130.75, 'Direct Debit', '2023-10-27'),
('RP123', 'BP123', 175.50, 'Cash', '2023-06-08'),
('RP124', 'BP124', 115.25, 'Bank Transfer', '2023-03-14'),
('RP125', 'BP125', 160.00, 'Direct Debit', '2023-01-12'),
('RP126', 'BP126', 95.75, 'Cash', '2023-03-27'),
('RP127', 'BP127', 140.50, 'Bank Transfer', '2023-08-23'),
('RP128', 'BP128', 70.25, 'Direct Debit', '2023-01-19'),
('RP129', 'BP129', 200.00, 'Cash', '2023-11-24'),
('RP130', 'BP130', 135.75, 'Bank Transfer', '2023-08-10'),
('RP131', 'BP131', 170.50, 'Direct Debit', '2023-01-18'),
('RP132', 'BP132', 105.25, 'Cash', '2023-06-28'),
('RP133', 'BP133', 240.00, 'Bank Transfer', '2023-06-14'),
('RP134', 'BP134', 125.75, 'Direct Debit', '2023-06-13'),
('RP135', 'BP135', 165.50, 'Cash', '2023-09-09'),
('RP136', 'BP136', 100.25, 'Bank Transfer', '2023-01-10'),
('RP137', 'BP137', 235.00, 'Direct Debit', '2023-08-10'),
('RP138', 'BP138', 120.75, 'Cash', '2023-05-28'),
('RP139', 'BP139', 155.50, 'Bank Transfer', '2023-09-18'),
('RP140', 'BP140', 90.25, 'Direct Debit', '2023-08-18'),
('RP141', 'BP141', 225.00, 'Cash', '2023-05-05'),
('RP142', 'BP142', 135.75, 'Bank Transfer', '2023-02-06'),
('RP143', 'BP143', 170.50, 'Direct Debit', '2023-08-31'),
('RP144', 'BP144', 105.25, 'Cash', '2023-12-15'),
('RP145', 'BP145', 240.00, 'Bank Transfer', '2023-03-27'),
('RP146', 'BP146', 125.75, 'Direct Debit', '2023-08-17'),
('RP147', 'BP147', 165.50, 'Cash', '2023-07-15'),
('RP148', 'BP148', 100.25, 'Bank Transfer', '2023-06-20'),
('RP149', 'BP149', 235.00, 'Direct Debit', '2023-01-16'),
('RP150', 'BP150', 120.75, 'Cash', '2023-01-20'),
('RP151', 'BP151', 155.50, 'Bank Transfer', '2023-06-23'),
('RP152', 'BP152', 90.25, 'Direct Debit', '2023-06-01'),
('RP153', 'BP153', 225.00, 'Cash', '2023-06-02'),
('RP154', 'BP154', 135.75, 'Bank Transfer', '2023-06-03'),
('RP155', 'BP155', 170.50, 'Direct Debit', '2023-06-04'),
('RP156', 'BP156', 105.25, 'Cash', '2023-06-05'),
('RP157', 'BP157', 240.00, 'Bank Transfer', '2023-06-06'),
('RP158', 'BP158', 125.75, 'Direct Debit', '2023-06-07'),
('RP159', 'BP159', 165.50, 'Cash', '2023-06-08'),
('RP160', 'BP160', 100.25, 'Bank Transfer', '2023-06-09'),
('RP161', 'BP161', 235.00, 'Direct Debit', '2023-06-10'),
('RP162', 'BP162', 120.75, 'Cash', '2023-06-11'),
('RP163', 'BP163', 155.50, 'Bank Transfer', '2023-06-12'),
('RP164', 'BP164', 90.25, 'Direct Debit', '2023-06-13'),
('RP165', 'BP165', 225.00, 'Cash', '2023-06-14'),
('RP166', 'BP166', 135.75, 'Bank Transfer', '2023-06-15'),
('RP167', 'BP167', 170.50, 'Direct Debit', '2023-06-16'),
('RP168', 'BP168', 105.25, 'Cash', '2023-06-17'),
('RP169', 'BP169', 240.00, 'Bank Transfer', '2023-06-18'),
('RP170', 'BP170', 125.75, 'Direct Debit', '2023-06-19'),
('RP171', 'BP171', 165.50, 'Cash', '2023-06-20'),
('RP172', 'BP172', 100.25, 'Bank Transfer', '2023-06-21'),
('RP173', 'BP173', 235.00, 'Direct Debit', '2023-06-22'),
('RP174', 'BP174', 120.75, 'Cash', '2023-06-23'),
('RP175', 'BP175', 155.50, 'Bank Transfer', '2023-06-24'),
('RP176', 'BP176', 90.25, 'Direct Debit', '2023-06-25'),
('RP177', 'BP177', 225.00, 'Cash', '2023-06-26'),
('RP178', 'BP178', 135.75, 'Bank Transfer', '2023-06-27'),
('RP179', 'BP179', 170.50, 'Direct Debit', '2023-06-28'),
('RP180', 'BP180', 105.25, 'Cash', '2023-06-29'),
('RP181', 'BP181', 240.00, 'Bank Transfer', '2023-06-30'),
('RP182', 'BP182', 125.75, 'Direct Debit', '2023-07-01'),
('RP183', 'BP183', 165.50, 'Cash', '2023-07-02'),
('RP184', 'BP184', 100.25, 'Bank Transfer', '2023-07-03'),
('RP185', 'BP185', 235.00, 'Direct Debit', '2023-07-04'),
('RP186', 'BP186', 120.75, 'Cash', '2023-07-05'),
('RP187', 'BP187', 155.50, 'Bank Transfer', '2023-07-06'),
('RP188', 'BP188', 90.25, 'Direct Debit', '2023-07-07'),
('RP189', 'BP189', 225.00, 'Cash', '2023-07-08'),
('RP190', 'BP190', 135.75, 'Bank Transfer', '2023-07-09'),
('RP191', 'BP191', 170.50, 'Direct Debit', '2023-07-10'),
('RP192', 'BP192', 105.25, 'Cash', '2023-07-11'),
('RP193', 'BP193', 240.00, 'Bank Transfer', '2023-07-12'),
('RP194', 'BP194', 125.75, 'Direct Debit', '2023-07-13'),
('RP195', 'BP195', 165.50, 'Cash', '2023-07-14'),
('RP196', 'BP196', 100.25, 'Bank Transfer', '2023-07-15'),
('RP197', 'BP197', 235.00, 'Direct Debit', '2023-07-16'),
('RP198', 'BP198', 120.75, 'Cash', '2023-07-17'),
('RP199', 'BP199', 155.50, 'Bank Transfer', '2023-07-18'),
('RP200', 'BP200', 90.25, 'Direct Debit', '2023-07-19');
INSERT INTO Charity (charity_id, charity_name, address, website) VALUES
('CH1', 'Green Earth Foundation', '123 Main St, City', 'www.greenearthfoundation.org'),
('CH2', 'Animal Rescue Alliance', '456 Oak Ave, Town', 'www.animalrescuealliance.org'),
('CH3', 'Children''s Education Fund', '789 Elm St, Village', 'www.childenseducationfund.org'),
('CH4', 'Cancer Research Society', '321 Pine Rd, City', 'www.cancerresearchsociety.org'),
('CH5', 'Habitat for Humanity', '654 Maple Ln, Town', 'www.habitatforhumanity.org'),
('CH6', 'Food Bank Network', '987 Cedar St, Village', 'www.foodbanknetwork.org'),
('CH7', 'Environmental Defense Fund', '159 Birch Dr, City', 'www.environmentaldefensefund.org'),
('CH8', 'Disaster Relief Organization', '753 Walnut Ave, Town', 'www.disasterrelieforg.org'),
('CH9', 'Veteran Support Services', '951 Spruce Rd, Village', 'www.veteransupportservices.org'),
('CH10', 'Arts and Culture Foundation', '147 Chestnut Ln, City', 'www.artsandculturefoundation.org'),
('CH11', 'Literacy Initiative', '258 Oak St, Town', 'www.literacyinitiative.org'),
('CH12', 'Homeless Shelter', '369 Elm St, Village', 'www.homelessshelter.org'),
('CH13', 'Youth Mentorship Program', '753 Pine Rd, City', 'www.youthmentorshipprogram.org'),
('CH14', 'Community Development Fund', '951 Maple Ln, Town', 'www.communitydevelopmentfund.org'),
('CH15', 'Global Health Initiative', '147 Cedar St, Village', 'www.globalhealthinitiative.org');


INSERT INTO Donation (donation_id, receipt_payment_id, charity_id, percentage, donation_amount, donation_tax_receipt)
VALUES
    ('DO1', 'RP1', 'CH1', 10.00, 50.00, 'YES'),
    ('DO2', 'RP2', 'CH2', 20.00, 75.00, 'YES'),
    ('DO3', 'RP3', 'CH3', 50.00, 200.00, 'YES'),
    ('DO4', 'RP4', 'CH4', 100.00, 400.00, 'YES'),
    ('DO5', 'RP5', 'CH5', 5.00, 20.00, 'YES'),
    ('DO6', 'RP6', 'CH6', 30.00, 120.00, 'YES'),
    ('DO7', 'RP7', 'CH7', 12.50, 50.00, 'YES'),
    ('DO8', 'RP8', 'CH8', 50.00, 250.00, 'YES'),
    ('DO9', 'RP9', 'CH9', 22.00, 88.00, 'YES'),
    ('DO10', 'RP10', 'CH10', 10.00, 40.00, 'YES'),
    ('DO11', 'RP11', 'CH11', 15.00, 60.00, 'YES'),
    ('DO12', 'RP12', 'CH12', 100.00, 500.00, 'YES'),
    ('DO13', 'RP13', 'CH13', 25.00, 100.00, 'YES'),
    ('DO14', 'RP14', 'CH14', 8.00, 32.00, 'YES'),
    ('DO15', 'RP15', 'CH15', 17.50, 70.00, 'YES');

INSERT INTO bin_order (order_id, customer_id, bin_id, day_requested, street, 
zip_code, quantity, total_amount, payment_method) VALUES
('BO1', 1, 1, '2022-04-12', '123 Bourke St', 3000, 2, 170, 'Transfer'),
('BO2', 2, 2, '2022-09-27', '456 Elm St', 3220, 1, 575, 'Direct Debit'),
('BO3', 3, 3, '2022-07-05', '789 Flinders St', 3000, 1, 85, 'Cash'),
('BO4', 4, 4, '2022-11-18', '321 Swanston St', 3000, 1, 575, 'Direct Debit'),
('BO5', 5, 5, '2022-02-24', '555 Maple Ave', 3214, 2, 170, 'Transfer'),
('BO6', 6, 6, '2022-06-01', '444 Lonsdale St', 3000, 1, 575, 'Cash'),
('BO7', 7, 7, '2022-12-08', '777 Walnut St', 3216, 2, 170, 'Cash'),
('BO8', 8, 8, '2022-03-16', '888 Spruce St', 3000, 1, 575, 'Direct Debit'),
('BO9', 9, 9, '2022-08-22', '999 Oak St', 3350, 2, 170, 'Transfer'),
('BO10', 10, 10, '2022-05-29', '111 Pine St', 3000, 1, 575, 'Direct Debit'),
('BO11', 11, 11, '2022-10-11', '123 Main St', 3220, 2, 170, 'Cash'),
('BO12', 12, 12, '2023-01-03', '456 Second St', 3000, 1, 575, 'Transfer'),
('BO13', 13, 13, '2023-04-25', '789 Third St', 3216, 2, 170, 'Direct Debit'),
('BO14', 14, 14, '2023-07-19', '321 Fourth St', 3000, 1, 575, 'Cash'),
('BO15', 15, 15, '2023-10-31', '567 Fifth St', 3350, 2, 170, 'Transfer'),
('BO16', 16, 16, '2023-02-14', '246 Sixth St', 3000, 1, 575, 'Cash'),
('BO17', 17, 17, '2023-05-09', '369 Seventh St', 3220, 2, 170, 'Direct Debit'),
('BO18', 18, 18, '2023-08-30', '753 Eighth St', 3000, 1, 575, 'Transfer'),
('BO19', 19, 19, '2023-12-21', '951 Ninth St', 3216, 2, 170, 'Direct Debit'),
('BO20', 20, 20, '2023-03-07', '147 Tenth St', 3000, 1, 575, 'Cash'),
('BO21', 21, 21, '2023-06-28', '258 Eleventh St', 3350, 2, 170, 'Transfer'),
('BO22', 22, 22, '2023-09-20', '369 Twelfth St', 3000, 1, 575, 'Cash'),
('BO23', 23, 23, '2024-01-11', '753 Thirteenth St', 3220, 1, 85, 'Direct Debit'),
('BO24', 24, 24, '2024-04-02', '951 Fourteenth St', 3000, 1, 575, 'Transfer'),
('BO25', 25, 25, '2022-05-17', '147 Fifteenth St', 3216, 2, 170, 'Cash'),
('BO26', 26, 26, '2022-08-09', '258 Sixteenth St', 3000, 1, 575, 'Direct Debit'),
('BO27', 27, 27, '2022-11-01', '123 Main St', 3350, 2, 170, 'Transfer'),
('BO28', 28, 28, '2022-01-24', '456 Second St', 3000, 2, 1150, 'Direct Debit'),
('BO29', 29, 29, '2022-04-19', '789 Third St', 3220, 1, 85, 'Cash'),
('BO30', 30, 30, '2022-07-12', '321 Fourth St', 3000, 1, 575, 'Transfer'),
('BO31', 31, 31, '2022-10-04', '567 Fifth St', 3216, 2, 170, 'Cash'),
('BO32', 32, 32, '2022-12-27', '246 Sixth St', 3000, 2, 1150, 'Direct Debit'),
('BO33', 33, 33, '2023-03-21', '369 Seventh St', 3350, 2, 170, 'Transfer'),
('BO34', 34, 34, '2023-06-13', '753 Eighth St', 3000, 2, 1150, 'Direct Debit'),
('BO35', 35, 35, '2023-09-05', '951 Ninth St', 3220, 1, 85, 'Cash'),
('BO36', 36, 36, '2023-11-28', '147 Tenth St', 3000, 1, 575, 'Transfer'),
('BO37', 37, 37, '2023-02-20', '258 Eleventh St', 3216, 2, 170, 'Cash'),
('BO38', 38, 38, '2023-05-16', '369 Twelfth St', 3000, 1, 575, 'Direct Debit'),
('BO39', 39, 39, '2023-08-08', '753 Thirteenth St', 3350, 2, 170, 'Transfer'),
('BO40', 40, 40, '2023-10-31', '951 Fourteenth St', 3000, 2, 1150, 'Cash'),
('BO41', 41, 41, '2024-01-23', '147 Fifteenth St', 3220, 2, 170, 'Direct Debit'),
('BO42', 42, 42, '2024-04-15', '258 Sixteenth St', 3000, 2, 1150, 'Transfer'),
('BO43', 43, 43, '2022-06-08', '123 Main St', 3216, 2, 170, 'Cash'),
('BO44', 44, 44, '2022-09-01', '456 Elm St', 3000, 2, 1150, 'Direct Debit'),
('BO45', 45, 45, '2022-11-24', '789 Oak Ave', 3350, 1, 85, 'Transfer'),
('BO46', 46, 46, '2022-02-17', '567 Pine Rd', 3000, 2, 1150, 'Direct Debit'),
('BO47', 47, 47, '2022-05-10', '789 Maple Ln', 3220, 2, 170, 'Cash'),
('BO48', 48, 48, '2022-08-02', '123 Elm St', 3000, 1, 575, 'Transfer'),
('BO49', 49, 49, '2022-10-25', '456 Oak Ave', 3216, 2, 170, 'Cash'),
('BO50', 50, 50, '2023-01-17', '789 Pine Rd', 3000, 2, 1150, 'Direct Debit'),
('BO51', 51, 51, '2023-04-10', '567 Birch Dr', 3350, 2, 170, 'Transfer'),
('BO52', 52, 52, '2023-07-03', '123 Cedar St', 3000, 2, 1150, 'Cash'),
('BO53', 53, 53, '2023-09-26', '456 Maple Ln', 3220, 2, 170, 'Direct Debit'),
('BO54', 54, 54, '2023-12-19', '789 Elm St', 3000, 1, 575, 'Transfer'),
('BO55', 55, 55, '2023-03-12', '567 Oak Ave', 3216, 1, 85, 'Direct Debit'),
('BO56', 56, 56, '2023-06-05', '789 Pine Rd', 3000, 1, 575, 'Cash'),
('BO57', 57, 57, '2023-08-28', '123 Birch Dr', 3350, 2, 170, 'Transfer'),
('BO58', 58, 58, '2023-11-20', '456 Cedar St', 3000, 2, 1150, 'Cash'),
('BO59', 59, 59, '2024-02-12', '789 Maple Ln', 3220, 1, 85, 'Direct Debit'),
('BO60', 60, 60, '2024-04-28', '567 Elm St', 3000, 2, 1150, 'Transfer'),
('BO61', 61, 61, '2022-07-21', '789 Oak Ave', 3216, 1, 85, 'Cash'),
('BO62', 62, 62, '2022-10-13', '567 Pine Rd', 3000, 2, 1150, 'Direct Debit'),
('BO63', 63, 63, '2023-01-05', '123 Maple Ln', 3350, 1, 85, 'Transfer'),
('BO64', 64, 64, '2023-03-30', '456 Elm St', 3000, 2, 1150, 'Direct Debit'),
('BO65', 65, 65, '2023-06-22', '789 Oak Ave', 3220, 1, 85, 'Cash'),
('BO66', 66, 66, '2023-09-14', '567 Pine Rd', 3000, 2, 1150, 'Transfer'),
('BO67', 67, 67, '2023-12-07', '123 Maple Ln', 3216, 1, 85, 'Cash'),
('BO68', 68, 68, '2024-02-29', '456 Elm St', 3000, 2, 1150, 'Direct Debit'),
('BO69', 69, 69, '2022-08-17', '789 Oak Ave', 3350, 2, 170, 'Transfer'),
('BO70', 70, 70, '2022-11-09', '567 Pine Rd', 3000, 2, 1150, 'Cash'),
('BO71', 71, 71, '2022-02-01', '123 Cedar St', 3220, 1, 85, 'Direct Debit'),
('BO72', 72, 72, '2022-04-25', '456 Elm St', 3000, 1, 575, 'Transfer'),
('BO73', 73, 73, '2022-07-18', '789 Birch Dr', 3216, 1, 85, 'Direct Debit'),
('BO74', 74, 74, '2022-10-10', '123 Maple Ln', 3000, 2, 1150, 'Cash'),
('BO75', 75, 75, '2023-01-02', '456 Elm St', 3350, 2, 170, 'Transfer'),
('BO76', 76, 76, '2023-03-27', '789 Oak Ave', 3000, 1, 575, 'Cash'),
('BO77', 77, 77, '2023-06-19', '567 Pine Rd', 3220, 2, 170, 'Direct Debit'),
('BO78', 78, 78, '2023-09-11', '123 Elm St', 3000, 1, 575, 'Transfer'),
('BO79', 79, 79, '2023-12-04', '456 Oak Ave', 3216, 2, 170, 'Cash'),
('BO80', 80, 80, '2024-02-26', '789 Maple Ln', 3000, 1, 575, 'Direct Debit'),
('BO81', 81, 81, '2022-09-14', '123 Cedar St', 3350, 2, 170, 'Transfer'),
('BO82', 82, 82, '2022-12-06', '456 Elm St', 3000, 1, 575, 'Direct Debit'),
('BO83', 83, 83, '2022-03-01', '123 Birch Dr', 3220, 2, 170, 'Cash'),
('BO84', 84, 84, '2022-05-23', '456 Cedar St',3000, 1, 575, 'Transfer'),
('BO85', 85, 85, '2022-08-15', '789 Elm St', 3216, 2, 170, 'Cash'),
('BO86', 86, 86, '2022-11-07', '567 Oak Ave', 3000, 1, 575, 'Direct Debit'),
('BO87', 87, 87, '2023-01-30', '123 Pine Rd', 3350, 2, 170, 'Transfer'),
('BO88', 88, 88, '2023-04-23', '456 Birch Dr', 3000, 1, 575, 'Cash'),
('BO89', 89, 89, '2023-07-16', '789 Cedar St', 3220, 2, 170, 'Direct Debit'),
('BO90', 90, 90, '2023-10-08', '123 Elm St', 3000, 1, 575, 'Transfer'),
('BO91', 91, 91, '2024-01-01', '456 Maple Ln', 3216, 2, 170, 'Direct Debit'),
('BO92', 92, 92, '2024-03-24', '456 Maple Ln', 3000, 1, 85, 'Cash'),
('BO93', 93, 93, '2022-06-27', '789 Pine Rd', 3350, 2, 1150, 'Transfer'),
('BO94', 94, 94, '2022-09-20', '123 Cedar St', 3000, 1, 85, 'Cash'),
('BO95', 95, 95, '2022-12-13', '456 Birch Dr', 3220, 2, 1150, 'Direct Debit'),
('BO96', 96, 96, '2023-03-06', '789 Oak Ave', 3000, 1, 85, 'Transfer'),
('BO97', 97, 97, '2023-05-30', '567 Pine Rd', 3216, 2, 1150, 'Cash'),
('BO98', 98, 98, '2023-08-23', '123 Cedar St', 3000, 1, 85, 'Direct Debit'),
('BO99', 99, 99, '2023-11-15', '456 Elm St', 3350, 2, 1150, 'Transfer'),
('BO100', 100, 100, '2024-02-07', '789 Oak Ave', 3000, 1, 85, 'Cash');

INSERT INTO Invoice (invoice_id, order_id, total_amount, payment_method, issued_date)
VALUES
('IN1', 'BO1', 350.00, 'Credit Card', '2023-06-13'),
('IN2', 'BO2', 275.50, 'PayPal', '2023-01-12'),
('IN3', 'BO3', 400.00, 'Bank Transfer', '2023-11-14'),
('IN4', 'BO4', 320.75, 'Credit Card', '2023-08-27'),
('IN5', 'BO5', 280.00, 'PayPal', '2023-09-30'),
('IN6', 'BO6', 375.25, 'Bank Transfer', '2023-12-23'),
('IN7', 'BO7', 290.00, 'Credit Card', '2023-10-27'),
('IN8', 'BO8', 250.00, 'PayPal', '2023-01-11'),
('IN9', 'BO9', 425.00, 'Bank Transfer', '2023-11-19'),
('IN10', 'BO10', 310.50, 'Credit Card', '2023-06-02'),
('IN11', 'BO11', 340.00, 'PayPal', '2023-09-26'),
('IN12', 'BO12', 295.75, 'Bank Transfer', '2023-10-26'),
('IN13', 'BO13', 380.00, 'Credit Card', '2023-01-22'),
('IN14', 'BO14', 265.25, 'PayPal', '2023-11-30'),
('IN15', 'BO15', 410.50, 'Bank Transfer', '2023-05-10'),
('IN16', 'BO16', 300.00, 'Credit Card', '2023-09-22'),
('IN17', 'BO17', 330.75, 'PayPal', '2023-12-28'),
('IN18', 'BO18', 285.00, 'Bank Transfer', '2023-10-22'),
('IN19', 'BO19', 355.25, 'Credit Card', '2023-08-22'),
('IN20', 'BO20', 270.50, 'PayPal', '2023-09-27'),
('IN21', 'BO21', 390.00, 'Bank Transfer', '2023-12-26'),
('IN22', 'BO22', 315.75, 'Credit Card', '2023-08-04'),
('IN23', 'BO23', 360.50, 'PayPal', '2023-07-15'),
('IN24', 'BO24', 290.25, 'Bank Transfer', '2023-10-02'),
('IN25', 'BO25', 335.00, 'Credit Card', '2023-01-17'),
('IN26', 'BO26', 280.75, 'PayPal', '2023-04-02'),
('IN27', 'BO27', 405.50, 'Bank Transfer', '2023-05-01'),
('IN28', 'BO28', 325.25, 'Credit Card', '2023-04-01'),
('IN29', 'BO29', 370.00, 'PayPal', '2023-11-12'),
('IN30', 'BO30', 295.75, 'Bank Transfer', '2023-10-09'),
('IN31', 'BO31', 345.50, 'Credit Card', '2023-12-29'),
('IN32', 'BO32', 275.00, 'PayPal', '2023-03-22'),
('IN33', 'BO33', 400.25, 'Bank Transfer', '2023-01-05'),
('IN34', 'BO34', 320.50, 'Credit Card', '2023-06-10'),
('IN35', 'BO35', 365.75, 'PayPal', '2023-07-27'),
('IN36', 'BO36', 300.00, 'Bank Transfer', '2023-11-07'),
('IN37', 'BO37', 350.25, 'Credit Card', '2023-10-01'),
('IN38', 'BO38', 285.50, 'PayPal', '2023-03-25'),
('IN39', 'BO39', 420.00, 'Bank Transfer', '2023-10-04'),
('IN40', 'BO40', 305.75, 'Credit Card', '2023-05-27'),
('IN41', 'BO41', 330.50, 'PayPal', '2023-11-30'),
('IN42', 'BO42', 290.25, 'Bank Transfer', '2023-08-10'),
('IN43', 'BO43', 375.00, 'Credit Card', '2023-12-07'),
('IN44', 'BO44', 260.75, 'PayPal', '2023-10-05'),
('IN45', 'BO45', 395.50, 'Bank Transfer', '2023-10-03'),
('IN46', 'BO46', 310.25, 'Credit Card', '2023-01-15'),
('IN47', 'BO47', 355.00, 'PayPal', '2023-05-17'),
('IN48', 'BO48', 295.75, 'Bank Transfer', '2023-04-01'),
('IN49', 'BO49', 340.50, 'Credit Card', '2023-06-08'),
('IN50', 'BO50', 280.00, 'PayPal', '2023-03-07'),
('IN51', 'BO51', 410.25, 'Bank Transfer', '2023-11-24'),
('IN52', 'BO52', 325.50, 'Credit Card', '2023-07-17'),
('IN53', 'BO53', 370.75, 'PayPal', '2023-06-19'),
('IN54', 'BO54', 305.00, 'Bank Transfer', '2023-02-11'),
('IN55', 'BO55', 360.25, 'Credit Card', '2023-08-25'),
('IN56', 'BO56', 290.50, 'PayPal', '2023-12-10'),
('IN57', 'BO57', 335.75, 'Bank Transfer', '2023-09-25'),
('IN58', 'BO58', 275.00, 'Credit Card', '2023-08-03'),
('IN59', 'BO59', 400.50, 'PayPal', '2023-12-30'),
('IN60', 'BO60', 320.25, 'Bank Transfer', '2023-08-19'),
('IN61', 'BO61', 365.00, 'Credit Card', '2023-10-01'),
('IN62', 'BO62', 300.75, 'PayPal', '2023-08-12'),
('IN63', 'BO63', 350.50, 'Bank Transfer', '2023-02-10'),
('IN64', 'BO64', 285.25, 'Credit Card', '2023-01-10'),
('IN65', 'BO65', 420.00, 'PayPal', '2023-06-12'),
('IN66', 'BO66', 310.75, 'Bank Transfer', '2023-04-01'),
('IN67', 'BO67', 345.50, 'Credit Card', '2023-09-15'),
('IN68', 'BO68', 280.00, 'PayPal', '2023-05-09'),
('IN69', 'BO69', 405.25, 'Bank Transfer', '2023-06-08'),
('IN70', 'BO70', 330.50, 'Credit Card', '2023-12-28'),
('IN71', 'BO71', 375.75, 'PayPal', '2023-01-25'),
('IN72', 'BO72', 315.00, 'Bank Transfer', '2023-07-28'),
('IN73', 'BO73', 360.25, 'Credit Card', '2023-05-09'),
('IN74', 'BO74', 295.50, 'PayPal', '2023-10-29'),
('IN75', 'BO75', 340.75, 'Bank Transfer', '2023-05-22'),
('IN76', 'BO76', 270.00, 'Credit Card', '2023-11-06'),
('IN77', 'BO77', 395.50, 'PayPal', '2023-02-08'),
('IN78', 'BO78', 305.25, 'Bank Transfer', '2023-10-19'),
('IN79', 'BO79', 355.00, 'Credit Card', '2023-03-13'),
('IN80', 'BO80', 290.75, 'PayPal', '2023-01-19'),
('IN81', 'BO81', 335.50, 'Bank Transfer', '2023-05-14'),
('IN82', 'BO82', 275.25, 'Credit Card', '2023-07-02'),
('IN83', 'BO83', 410.00, 'PayPal', '2023-05-05'),
('IN84', 'BO84', 325.75, 'Bank Transfer', '2023-07-23'),
('IN85', 'BO85', 370.50, 'Credit Card', '2023-03-06'),
('IN86', 'BO86', 300.00, 'PayPal', '2023-02-11'),
('IN87', 'BO87', 350.75, 'Bank Transfer', '2023-03-03'),
('IN88', 'BO88', 285.50, 'Credit Card', '2023-01-29'),
('IN89', 'BO89', 420.25, 'PayPal', '2023-06-19'),
('IN90', 'BO90', 310.00, 'Bank Transfer', '2023-11-21'),
('IN91', 'BO91', 345.75, 'Credit Card', '2023-05-17'),
('IN92', 'BO92', 280.50, 'PayPal', '2023-06-15'),
('IN93', 'BO93', 405.00, 'Bank Transfer', '2023-01-29'),
('IN94', 'BO94', 330.75, 'Credit Card', '2023-01-30'),
('IN95', 'BO95', 375.50, 'PayPal', '2023-10-07'),
('IN96', 'BO96', 315.25, 'Bank Transfer', '2023-11-27'),
('IN97', 'BO97', 360.00, 'Credit Card', '2023-04-06'),
('IN98', 'BO98', 295.75, 'PayPal', '2023-02-16'),
('IN99', 'BO99', 340.50, 'Bank Transfer', '2023-10-28'),
('IN100', 'BO100', 270.25, 'Credit Card', '2023-05-08');



INSERT INTO Receipt_invoice (receipt_invoice_id, invoice_id, total_payment, payment_method, payment_date)
VALUES
('RI1', 'IN1', 350.00, 'Direct Debit', '2023-06-13'),
('RI2', 'IN2', 275.50, 'Bank Transfer', '2023-01-12'),
('RI3', 'IN3', 400.00, 'Cash', '2023-11-14'),
('RI4', 'IN4', 320.75, 'Direct Debit', '2023-08-27'),
('RI5', 'IN5', 280.00, 'Bank Transfer', '2023-09-30'),
('RI6', 'IN6', 375.25, 'Cash', '2023-12-23'),
('RI7', 'IN7', 290.00, 'Direct Debit', '2023-10-27'),
('RI8', 'IN8', 250.00, 'Bank Transfer', '2023-01-11'),
('RI9', 'IN9', 425.00, 'Cash', '2023-11-19'),
('RI10', 'IN10', 310.50, 'Direct Debit', '2023-06-02'),
('RI11', 'IN11', 340.00, 'Bank Transfer', '2023-09-26'),
('RI12', 'IN12', 295.75, 'Cash', '2023-10-26'),
('RI13', 'IN13', 380.00, 'Direct Debit', '2023-01-22'),
('RI14', 'IN14', 265.25, 'Bank Transfer', '2023-11-30'),
('RI15', 'IN15', 410.50, 'Cash', '2023-05-10'),
('RI16', 'IN16', 300.00, 'Direct Debit', '2023-09-22'),
('RI17', 'IN17', 330.75, 'Bank Transfer', '2023-12-28'),
('RI18', 'IN18', 285.00, 'Cash', '2023-10-22'),
('RI19', 'IN19', 355.25, 'Direct Debit', '2023-08-22'),
('RI20', 'IN20', 270.50, 'Bank Transfer', '2023-09-27'),
('RI21', 'IN21', 390.00, 'Cash', '2023-12-26'),
('RI22', 'IN22', 315.75, 'Direct Debit', '2023-08-04'),
('RI23', 'IN23', 360.50, 'Bank Transfer', '2023-07-15'),
('RI24', 'IN24', 290.25, 'Cash', '2023-10-02'),
('RI25', 'IN25', 335.00, 'Direct Debit', '2023-01-17'),
('RI26', 'IN26', 280.75, 'Bank Transfer', '2023-04-02'),
('RI27', 'IN27', 405.50, 'Cash', '2023-05-01'),
('RI28', 'IN28', 325.25, 'Direct Debit', '2023-04-01'),
('RI29', 'IN29', 370.00, 'Bank Transfer', '2023-11-12'),
('RI30', 'IN30', 295.75, 'Cash', '2023-10-09'),
('RI31', 'IN31', 345.50, 'Direct Debit', '2023-12-29'),
('RI32', 'IN32', 275.00, 'Bank Transfer', '2023-03-22'),
('RI33', 'IN33', 400.25, 'Cash', '2023-01-05'),
('RI34', 'IN34', 320.50, 'Direct Debit', '2023-06-10'),
('RI35', 'IN35', 365.75, 'Bank Transfer', '2023-07-27'),
('RI36', 'IN36', 300.00, 'Cash', '2023-11-07'),
('RI37', 'IN37', 350.25, 'Direct Debit', '2023-10-01'),
('RI38', 'IN38', 285.50, 'Bank Transfer', '2023-03-25'),
('RI39', 'IN39', 420.00, 'Cash', '2023-10-04'),
('RI40', 'IN40', 305.75, 'Direct Debit', '2023-05-27'),
('RI41', 'IN41', 330.50, 'Bank Transfer', '2023-11-30'),
('RI42', 'IN42', 290.25, 'Cash', '2023-08-10'),
('RI43', 'IN43', 375.00, 'Direct Debit', '2023-12-07'),
('RI44', 'IN44', 260.75, 'Bank Transfer', '2023-10-05'),
('RI45', 'IN45', 395.50, 'Cash', '2023-10-03'),
('RI46', 'IN46', 310.25, 'Direct Debit', '2023-01-15'),
('RI47', 'IN47', 355.00, 'Bank Transfer', '2023-05-17'),
('RI48', 'IN48', 295.75, 'Cash', '2023-04-01'),
('RI49', 'IN49', 340.50, 'Direct Debit', '2023-06-08'),
('RI50', 'IN50', 280.00, 'Bank Transfer', '2023-03-07'),
('RI51', 'IN51', 410.25, 'Cash', '2023-11-24'),
('RI52', 'IN52', 325.50, 'Direct Debit', '2023-07-17'),
('RI53', 'IN53', 370.75, 'Bank Transfer', '2023-06-19'),
('RI54', 'IN54', 305.00, 'Cash', '2023-02-11'),
('RI55', 'IN55', 360.25, 'Direct Debit', '2023-08-25'),
('RI56', 'IN56', 290.50, 'Bank Transfer', '2023-12-10'),
('RI57', 'IN57', 335.75, 'Cash', '2023-09-25'),
('RI58', 'IN58', 275.00, 'Direct Debit', '2023-08-03'),
('RI59', 'IN59', 400.50, 'Bank Transfer', '2023-12-30'),
('RI60', 'IN60', 320.25, 'Cash', '2023-08-19'),
('RI61', 'IN61', 365.00, 'Direct Debit', '2023-10-01'),
('RI62', 'IN62', 300.75, 'Bank Transfer', '2023-08-12'),
('RI63', 'IN63', 350.50, 'Cash', '2023-02-10'),
('RI64', 'IN64', 285.25, 'Direct Debit', '2023-01-10'),
('RI65', 'IN65', 420.00, 'Bank Transfer', '2023-06-12'),
('RI66', 'IN66', 310.75, 'Cash', '2023-04-01'),
('RI67', 'IN67', 345.50, 'Direct Debit', '2023-09-15'),
('RI68', 'IN68', 280.00, 'Bank Transfer', '2023-05-09'),
('RI69', 'IN69', 405.25, 'Cash', '2023-06-08'),
('RI70', 'IN70', 330.50, 'Direct Debit', '2023-12-28'),
('RI71', 'IN71', 375.75, 'Bank Transfer', '2023-01-25'),
('RI72', 'IN72', 315.00, 'Cash', '2023-07-28'),
('RI73', 'IN73', 360.25, 'Direct Debit', '2023-05-09'),
('RI74', 'IN74', 295.50, 'Bank Transfer', '2023-10-29'),
('RI75', 'IN75', 340.75, 'Cash', '2023-05-22'),
('RI76', 'IN76', 270.00, 'Direct Debit', '2023-11-06'),
('RI77', 'IN77', 395.50, 'Direct Debit', '2023-02-08'),
('RI78', 'IN78', 305.25, 'Cash', '2023-10-19'),
('RI79', 'IN79', 355.00, 'Direct Debit', '2023-03-13'),
('RI80', 'IN80', 290.75, 'Bank Transfer', '2023-01-19'),
('RI81', 'IN81', 335.50, 'Cash', '2023-05-14'),
('RI82', 'IN82', 275.25, 'Direct Debit', '2023-07-02'),
('RI83', 'IN83', 410.00, 'Bank Transfer', '2023-05-05'),
('RI84', 'IN84', 325.75, 'Cash', '2023-07-23'),
('RI85', 'IN85', 370.50, 'Direct Debit', '2023-03-06'),
('RI86', 'IN86', 300.00, 'Bank Transfer', '2023-02-11'),
('RI87', 'IN87', 350.75, 'Cash', '2023-03-03'),
('RI88', 'IN88', 285.50, 'Direct Debit', '2023-01-29'),
('RI89', 'IN89', 420.25, 'Bank Transfer', '2023-06-19'),
('RI90', 'IN90', 310.00, 'Cash', '2023-11-21'),
('RI91', 'IN91', 345.75, 'Direct Debit', '2023-05-17'),
('RI92', 'IN92', 280.50, 'Bank Transfer', '2023-06-15'),
('RI93', 'IN93', 405.00, 'Cash', '2023-01-29'),
('RI94', 'IN94', 330.75, 'Direct Debit', '2023-01-30'),
('RI95', 'IN95', 375.50, 'Bank Transfer', '2023-10-07'),
('RI96', 'IN96', 315.25, 'Cash', '2023-11-27'),
('RI97', 'IN97', 360.00, 'Direct Debit', '2023-04-06'),
('RI98', 'IN98', 295.75, 'Bank Transfer', '2023-02-16'),
('RI99', 'IN99', 340.50, 'Cash', '2023-10-28'),
('RI100', 'IN100', 270.25, 'Direct Debit', '2023-05-08');

INSERT INTO Fine (fine_id, receipt_payment_id, amount, payment_method, payment_date, fine_type)
VALUES
('F1', 'RP1', 2.00, 'Bank Transfer', '2023-01-01', 'Contamination'),
('F2', 'RP2', 4.00, 'Direct Debit', '2023-01-02', 'Contamination'),
('F3', 'RP3', 5.00, 'Cash', '2023-01-03', 'Rubbish'),
('F4', 'RP4', 2.00, 'Bank Transfer', '2023-01-04', 'Contamination'),
('F5', 'RP5', 10.00, 'Direct Debit', '2023-01-05', 'Rubbish'),
('F6', 'RP6', 6.00, 'Cash', '2023-01-06', 'Contamination'),
('F7', 'RP7', 2.00, 'Bank Transfer', '2023-01-07', 'Contamination'),
('F8', 'RP8', 5.00, 'Direct Debit', '2023-01-08', 'Rubbish'),
('F9', 'RP9', 4.00, 'Cash', '2023-01-09', 'Contamination'),
('F10', 'RP10', 2.00, 'Bank Transfer', '2023-01-10', 'Contamination'),
('F11', 'RP11', 15.00, 'Direct Debit', '2023-01-11', 'Rubbish'),
('F12', 'RP12', 8.00, 'Cash', '2023-01-12', 'Contamination'),
('F13', 'RP13', 2.00, 'Bank Transfer', '2023-01-13', 'Contamination'),
('F14', 'RP14', 5.00, 'Direct Debit', '2023-01-14', 'Rubbish'),
('F15', 'RP15', 6.00, 'Cash', '2023-01-15', 'Contamination'),
('F16', 'RP16', 2.00, 'Bank Transfer', '2023-01-16', 'Contamination'),
('F17', 'RP17', 10.00, 'Direct Debit', '2023-01-17', 'Rubbish'),
('F18', 'RP18', 4.00, 'Cash', '2023-01-18', 'Contamination'),
('F19', 'RP19', 2.00, 'Bank Transfer', '2023-01-19', 'Contamination'),
('F20', 'RP20', 5.00, 'Direct Debit', '2023-01-20', 'Rubbish'),
('F21', 'RP21', 6.00, 'Cash', '2023-01-21', 'Contamination'),
('F22', 'RP22', 2.00, 'Bank Transfer', '2023-01-22', 'Contamination'),
('F23', 'RP23', 10.00, 'Direct Debit', '2023-01-23', 'Rubbish'),
('F24', 'RP24', 8.00, 'Cash', '2023-01-24', 'Contamination'),
('F25', 'RP25', 2.00, 'Bank Transfer', '2023-01-25', 'Contamination'),
('F26', 'RP26', 5.00, 'Direct Debit', '2023-01-26', 'Rubbish'),
('F27', 'RP27', 4.00, 'Cash', '2023-01-27', 'Contamination'),
('F28', 'RP28', 2.00, 'Bank Transfer', '2023-01-28', 'Contamination'),
('F29', 'RP29', 15.00, 'Direct Debit', '2023-01-29', 'Rubbish'),
('F30', 'RP30', 6.00, 'Cash', '2023-01-30', 'Contamination'),
('F31', 'RP31', 2.00, 'Bank Transfer', '2023-01-31', 'Contamination'),
('F32', 'RP32', 10.00, 'Direct Debit', '2023-02-01', 'Rubbish'),
('F33', 'RP33', 8.00, 'Cash', '2023-02-02', 'Contamination'),
('F34', 'RP34', 2.00, 'Bank Transfer', '2023-02-03', 'Contamination'),
('F35', 'RP35', 5.00, 'Direct Debit', '2023-02-04', 'Rubbish'),
('F36', 'RP36', 4.00, 'Cash', '2023-02-05', 'Contamination'),
('F37', 'RP37', 2.00, 'Bank Transfer', '2023-02-06', 'Contamination'),
('F38', 'RP38', 15.00, 'Direct Debit', '2023-02-07', 'Rubbish'),
('F39', 'RP39', 6.00, 'Cash', '2023-02-08', 'Contamination'),
('F40', 'RP40', 2.00, 'Bank Transfer', '2023-02-09', 'Contamination'),
('F41', 'RP41', 10.00, 'Direct Debit', '2023-02-10', 'Rubbish'),
('F42', 'RP42', 8.00, 'Cash', '2023-02-11', 'Contamination'),
('F43', 'RP43', 2.00, 'Bank Transfer', '2023-02-12', 'Contamination'),
('F44', 'RP44', 5.00, 'Direct Debit', '2023-02-13', 'Rubbish'),
('F45', 'RP45', 4.00, 'Cash', '2023-02-14', 'Contamination'),
('F46', 'RP46', 2.00, 'Bank Transfer', '2023-02-15', 'Contamination'),
('F47', 'RP47', 15.00, 'Direct Debit', '2023-02-16', 'Rubbish'),
('F48', 'RP48', 6.00, 'Cash', '2023-02-17', 'Contamination'),
('F49', 'RP49', 2.00, 'Bank Transfer', '2023-02-18', 'Contamination'),
('F50', 'RP50', 10.00, 'Direct Debit', '2023-02-19', 'Rubbish');

INSERT INTO Collection_point (collection_point_id, name, address, status)
VALUES
('COP1', 'Collection Point 1', '789 Flinders St, Melbourne', 'Active'),
    ('COP2', 'Collection Point 2', '456 Elm St, Geelong', 'Active'),
    ('COP3', 'Collection Point 3', '123 Swanston St, Melbourne', 'Inactive'),
    ('COP4', 'Collection Point 4', '321 Maple Ave, Werribee', 'Active'),
    ('COP5', 'Collection Point 5', '654 Lonsdale St, Melbourne', 'Active'),
    ('COP6', 'Collection Point 6', '987 Walnut St, Geelong', 'Inactive'),
    ('COP7', 'Collection Point 7', '159 Spruce St, Melbourne', 'Active'),
    ('COP8', 'Collection Point 8', '753 Oak St, Ballarat', 'Active'),
    ('COP9', 'Collection Point 9', '951 Pine St, Melbourne', 'Inactive'),
    ('COP10', 'Collection Point 10', '147 Main St, Geelong', 'Active'),
    ('COP11', 'Collection Point 11', '258 Second St, Melbourne', 'Active'),
    ('COP12', 'Collection Point 12', '369 Third St, Geelong', 'Active'),
    ('COP13', 'Collection Point 13', '753 Fourth St, Melbourne', 'Inactive'),
    ('COP14', 'Collection Point 14', '951 Fifth St, Ballarat', 'Active'),
    ('COP15', 'Collection Point 15', '147 Sixth St, Melbourne', 'Active'),
    ('COP16', 'Collection Point 16', '258 Seventh St, Geelong', 'Inactive'),
    ('COP17', 'Collection Point 17', '369 Eighth St, Melbourne', 'Active'),
    ('COP18', 'Collection Point 18', '753 Ninth St, Ballarat', 'Active'),
    ('COP19', 'Collection Point 19', '951 Tenth St, Melbourne', 'Inactive'),
    ('COP20', 'Collection Point 20', '147 Eleventh St, Geelong', 'Active'),
    ('COP21', 'Collection Point 21', '258 Twelfth St, Melbourne', 'Active'),
    ('COP22', 'Collection Point 22', '369 Thirteenth St, Geelong', 'Active'),
    ('COP23', 'Collection Point 23', '753 Fourteenth St, Melbourne', 'Inactive'),
    ('COP24', 'Collection Point 24', '951 Fifteenth St, Ballarat', 'Active'),
    ('COP25', 'Collection Point 25', '147 Sixteenth St, Melbourne', 'Active'),
    ('COP26', 'Collection Point 26', '258 Main St, Geelong', 'Inactive'),
    ('COP27', 'Collection Point 27', '369 Second St, Melbourne', 'Active'),
    ('COP28', 'Collection Point 28', '753 Third St, Ballarat', 'Active'),
    ('COP29', 'Collection Point 29', '951 Fourth St, Melbourne', 'Inactive'),
    ('COP30', 'Collection Point 30', '147 Fifth St, Geelong', 'Active'),
    ('COP31', 'Collection Point 31', '258 Sixth St, Melbourne', 'Active'),
    ('COP32', 'Collection Point 32', '369 Seventh St, Geelong', 'Active'),
    ('COP33', 'Collection Point 33', '753 Eighth St, Melbourne', 'Inactive'),
    ('COP34', 'Collection Point 34', '951 Ninth St, Ballarat', 'Active'),
    ('COP35', 'Collection Point 35', '147 Tenth St, Melbourne', 'Active'),
    ('COP36', 'Collection Point 36', '258 Eleventh St, Geelong', 'Inactive'),
    ('COP37', 'Collection Point 37', '369 Twelfth St, Melbourne', 'Active'),
    ('COP38', 'Collection Point 38', '753 Thirteenth St, Ballarat', 'Active'),
    ('COP39', 'Collection Point 39', '951 Fourteenth St, Melbourne', 'Inactive'),
    ('COP40', 'Collection Point 40', '147 Fifteenth St, Geelong', 'Active'),
    ('COP41', 'Collection Point 41', '258 Sixteenth St, Melbourne', 'Active'),
    ('COP42', 'Collection Point 42', '369 Main St, Geelong', 'Active'),
    ('COP43', 'Collection Point 43', '753 Second St, Melbourne', 'Inactive'),
    ('COP44', 'Collection Point 44', '951 Third St, Ballarat', 'Active'),
    ('COP45', 'Collection Point 45', '147 Fourth St, Melbourne', 'Active'),
    ('COP46', 'Collection Point 46', '258 Fifth St, Geelong', 'Inactive'),
    ('COP47', 'Collection Point 47', '369 Sixth St, Melbourne', 'Active'),
    ('COP48', 'Collection Point 48', '753 Seventh St, Ballarat', 'Active'),
    ('COP49', 'Collection Point 49', '951 Eighth St, Melbourne', 'Inactive'),
    ('COP50', 'Collection Point 50', '147 Ninth St, Geelong', 'Active'),
    ('COP51', 'Collection Point 51', '258 Tenth St, Melbourne', 'Active'),
    ('COP52', 'Collection Point 52', '369 Eleventh St, Geelong', 'Active'),
    ('COP53', 'Collection Point 53', '753 Twelfth St, Melbourne', 'Inactive'),
    ('COP54', 'Collection Point 54', '951 Thirteenth St, Ballarat', 'Active'),
    ('COP55', 'Collection Point 55', '147 Fourteenth St, Melbourne', 'Active'),
    ('COP56', 'Collection Point 56', '258 Fifteenth St, Geelong', 'Inactive'),
    ('COP57', 'Collection Point 57', '369 Sixteenth St, Melbourne', 'Active'),
    ('COP58', 'Collection Point 58', '753 Main St, Ballarat', 'Active'),
    ('COP59', 'Collection Point 59', '951 Second St, Melbourne', 'Inactive'),
    ('COP60', 'Collection Point 60', '147 Third St, Geelong', 'Active'),
    ('COP61', 'Collection Point 61', '258 Fourth St, Melbourne', 'Active'),
    ('COP62', 'Collection Point 62', '369 Fifth St, Geelong', 'Active'),
    ('COP63', 'Collection Point 63', '753 Sixth St, Melbourne', 'Inactive'),
    ('COP64', 'Collection Point 64', '951 Seventh St, Ballarat', 'Active');


INSERT INTO Locate_collection_point (locate_id, customer_id, collection_point_id, name, address, status, map_URL)
VALUES
('L1', 1, 'COP1', 'Collection Point 1', '123 Main St, City', 'Active', 'https://maps.example.com/COP1'),
('L2', 2, 'COP2', 'Collection Point 2', '456 Elm St, Town', 'Active', 'https://maps.example.com/COP2'),
('L3', 3, 'COP3', 'Collection Point 3', '789 Oak Ave, Village', 'Inactive', 'https://maps.example.com/COP3'),
('L4', 4, 'COP4', 'Collection Point 4', '321 Pine Rd, City', 'Active', 'https://maps.example.com/COP4'),
('L5', 5, 'COP5', 'Collection Point 5', '654 Maple Ln, Town', 'Active', 'https://maps.example.com/COP5'),
('L6', 1, 'COP6', 'Collection Point 6', '987 Cedar St, Village', 'Inactive', 'https://maps.example.com/COP6'),
('L7', 2, 'COP7', 'Collection Point 7', '159 Birch Dr, City', 'Active', 'https://maps.example.com/COP7'),
('L8', 3, 'COP8', 'Collection Point 8', '753 Walnut Ave, Town', 'Active', 'https://maps.example.com/COP8'),
('L9', 4, 'COP9', 'Collection Point 9', '951 Spruce Rd, Village', 'Inactive', 'https://maps.example.com/COP9'),
('L10', 5, 'COP10', 'Collection Point 10', '147 Chestnut Ln, City', 'Active', 'https://maps.example.com/COP10'),
('L11', 6, 'COP1', 'Collection Point 1', '123 Main St, City', 'Active', 'https://maps.example.com/COP1'),
('L12', 7, 'COP2', 'Collection Point 2', '456 Elm St, Town', 'Active', 'https://maps.example.com/COP2'),
('L13', 8, 'COP3', 'Collection Point 3', '789 Oak Ave, Village', 'Inactive', 'https://maps.example.com/COP3'),
('L14', 9, 'COP4', 'Collection Point 4', '321 Pine Rd, City', 'Active', 'https://maps.example.com/COP4'),
('L15', 10, 'COP5', 'Collection Point 5', '654 Maple Ln, Town', 'Active', 'https://maps.example.com/COP5'),
('L16', 6, 'COP6', 'Collection Point 6', '987 Cedar St, Village', 'Inactive', 'https://maps.example.com/COP6'),
('L17', 7, 'COP7', 'Collection Point 7', '159 Birch Dr, City', 'Active', 'https://maps.example.com/COP7'),
('L18', 8, 'COP8', 'Collection Point 8', '753 Walnut Ave, Town', 'Active', 'https://maps.example.com/COP8'),
('L19', 9, 'COP9', 'Collection Point 9', '951 Spruce Rd, Village', 'Inactive', 'https://maps.example.com/COP9'),
('L20', 10, 'COP10', 'Collection Point 10', '147 Chestnut Ln, City', 'Active', 'https://maps.example.com/COP10'),
('L21', 11, 'COP1', 'Collection Point 1', '123 Main St, City', 'Active', 'https://maps.example.com/COP1'),
('L22', 12, 'COP2', 'Collection Point 2', '456 Elm St, Town', 'Active', 'https://maps.example.com/COP2'),
('L23', 13, 'COP3', 'Collection Point 3', '789 Oak Ave, Village', 'Inactive', 'https://maps.example.com/COP3'),
('L24', 14, 'COP4', 'Collection Point 4', '321 Pine Rd, City', 'Active', 'https://maps.example.com/COP4'),
('L25', 15, 'COP5', 'Collection Point 5', '654 Maple Ln, Town', 'Active', 'https://maps.example.com/COP5'),
('L26', 11, 'COP6', 'Collection Point 6', '987 Cedar St, Village', 'Inactive', 'https://maps.example.com/COP6'),
('L27', 12, 'COP7', 'Collection Point 7', '159 Birch Dr, City', 'Active', 'https://maps.example.com/COP7'),
('L28', 13, 'COP8', 'Collection Point 8', '753 Walnut Ave, Town', 'Active', 'https://maps.example.com/COP8'),
('L29', 14, 'COP9', 'Collection Point 9', '951 Spruce Rd, Village', 'Inactive', 'https://maps.example.com/COP9'),
('L30', 15, 'COP10', 'Collection Point 10', '147 Chestnut Ln, City', 'Active', 'https://maps.example.com/COP10'),
('L31', 16, 'COP1', 'Collection Point 1', '123 Main St, City', 'Active', 'https://maps.example.com/COP1'),
('L32', 17, 'COP2', 'Collection Point 2', '456 Elm St, Town', 'Active', 'https://maps.example.com/COP2'),
('L33', 18, 'COP3', 'Collection Point 3', '789 Oak Ave, Village', 'Inactive', 'https://maps.example.com/COP3'),
('L34', 19, 'COP4', 'Collection Point 4', '321 Pine Rd, City', 'Active', 'https://maps.example.com/COP4'),
('L35', 20, 'COP5', 'Collection Point 5', '654 Maple Ln, Town', 'Active', 'https://maps.example.com/COP5'),
('L36', 16, 'COP6', 'Collection Point 6', '987 Cedar St, Village', 'Inactive', 'https://maps.example.com/COP6'),
('L37', 17, 'COP7', 'Collection Point 7', '159 Birch Dr, City', 'Active', 'https://maps.example.com/COP7'),
('L38', 18, 'COP8', 'Collection Point 8', '753 Walnut Ave, Town', 'Active', 'https://maps.example.com/COP8'),
('L39', 19, 'COP9', 'Collection Point 9', '951 Spruce Rd, Village', 'Inactive', 'https://maps.example.com/COP9'),
('L40', 20, 'COP10', 'Collection Point 10', '147 Chestnut Ln, City', 'Active', 'https://maps.example.com/COP10'),
('L41', 21, 'COP1', 'Collection Point 1', '123 Main St, City', 'Active', 'https://maps.example.com/COP1'),
('L42', 22, 'COP2', 'Collection Point 2', '456 Elm St, Town', 'Active', 'https://maps.example.com/COP2'),
('L43', 23, 'COP3', 'Collection Point 3', '789 Oak Ave, Village', 'Inactive', 'https://maps.example.com/COP3'),
('L44', 24, 'COP4', 'Collection Point 4', '321 Pine Rd, City', 'Active', 'https://maps.example.com/COP4'),
('L45', 25, 'COP5', 'Collection Point 5', '654 Maple Ln, Town', 'Active', 'https://maps.example.com/COP5'),
('L46', 21, 'COP6', 'Collection Point 6', '987 Cedar St, Village', 'Inactive', 'https://maps.example.com/COP6'),
('L47', 22, 'COP7', 'Collection Point 7', '159 Birch Dr, City', 'Active', 'https://maps.example.com/COP7'),
('L48', 23, 'COP8', 'Collection Point 8', '753 Walnut Ave, Town', 'Active', 'https://maps.example.com/COP8'),
('L49', 24, 'COP9', 'Collection Point 9', '951 Spruce Rd, Village', 'Inactive', 'https://maps.example.com/COP9'),
('L50', 25, 'COP10', 'Collection Point 10', '147 Chestnut Ln, City', 'Active', 'https://maps.example.com/COP10'),
('L51', 26, 'COP1', 'Collection Point 1', '123 Main St, City', 'Active', 'https://maps.example.com/COP1'),
('L52', 27, 'COP2', 'Collection Point 2', '456 Elm St, Town', 'Active', 'https://maps.example.com/COP2'),
('L53', 28, 'COP3', 'Collection Point 3', '789 Oak Ave, Village', 'Inactive', 'https://maps.example.com/COP3'),
('L54', 29, 'COP4', 'Collection Point 4', '321 Pine Rd, City', 'Active', 'https://maps.example.com/COP4'),
('L55', 30, 'COP5', 'Collection Point 5', '654 Maple Ln, Town', 'Active', 'https://maps.example.com/COP5'),
('L56', 26, 'COP6', 'Collection Point 6', '987 Cedar St, Village', 'Inactive', 'https://maps.example.com/COP6'),
('L57', 27, 'COP7', 'Collection Point 7', '159 Birch Dr, City', 'Active', 'https://maps.example.com/COP7'),
('L58', 28, 'COP8', 'Collection Point 8', '753 Walnut Ave, Town', 'Active', 'https://maps.example.com/COP8'),
('L59', 29, 'COP9', 'Collection Point 9', '951 Spruce Rd, Village', 'Inactive', 'https://maps.example.com/COP9'),
('L60', 30, 'COP10', 'Collection Point 10', '147 Chestnut Ln, City', 'Active', 'https://maps.example.com/COP10'),
('L61', 31, 'COP1', 'Collection Point 1', '123 Main St, City', 'Active', 'https://maps.example.com/COP1'),
('L62', 32, 'COP2', 'Collection Point 2', '456 Elm St, Town', 'Active', 'https://maps.example.com/COP2'),
('L63', 33, 'COP3', 'Collection Point 3', '789 Oak Ave, Village', 'Inactive', 'https://maps.example.com/COP3'),
('L64', 34, 'COP4', 'Collection Point 4', '321 Pine Rd, City', 'Active', 'https://maps.example.com/COP4'),
('L65', 35, 'COP5', 'Collection Point 5', '654 Maple Ln, Town', 'Active', 'https://maps.example.com/COP5'),
('L66', 31, 'COP6', 'Collection Point 6', '987 Cedar St, Village', 'Inactive', 'https://maps.example.com/COP6'),
('L67', 32, 'COP7', 'Collection Point 7', '159 Birch Dr, City', 'Active', 'https://maps.example.com/COP7'),
('L68', 33, 'COP8', 'Collection Point 8', '753 Walnut Ave, Town', 'Active', 'https://maps.example.com/COP8'),
('L69', 34, 'COP9', 'Collection Point 9', '951 Spruce Rd, Village', 'Inactive', 'https://maps.example.com/COP9'),
('L70', 35, 'COP10', 'Collection Point 10', '147 Chestnut Ln, City', 'Active', 'https://maps.example.com/COP10'),
('L71', 36, 'COP1', 'Collection Point 1', '123 Main St, City', 'Active', 'https://maps.example.com/COP1'),
('L72', 37, 'COP2', 'Collection Point 2', '456 Elm St, Town', 'Active', 'https://maps.example.com/COP2'),
('L73', 38, 'COP3', 'Collection Point 3', '789 Oak Ave, Village', 'Inactive', 'https://maps.example.com/COP3'),
('L74', 39, 'COP4', 'Collection Point 4', '321 Pine Rd, City', 'Active', 'https://maps.example.com/COP4'),
('L75', 40, 'COP5', 'Collection Point 5', '654 Maple Ln, Town', 'Active', 'https://maps.example.com/COP5'),
('L76', 36, 'COP6', 'Collection Point 6', '987 Cedar St, Village', 'Inactive', 'https://maps.example.com/COP6'),
('L77', 37, 'COP7', 'Collection Point 7', '159 Birch Dr, City', 'Active', 'https://maps.example.com/COP7'),
('L78', 38, 'COP8', 'Collection Point 8', '753 Walnut Ave, Town', 'Active', 'https://maps.example.com/COP8'),
('L79', 39, 'COP9', 'Collection Point 9', '951 Spruce Rd, Village', 'Inactive', 'https://maps.example.com/COP9'),
('L80', 40, 'COP10', 'Collection Point 10', '147 Chestnut Ln, City', 'Active', 'https://maps.example.com/COP10'),
('L81', 41, 'COP1', 'Collection Point 1', '123 Main St, City', 'Active', 'https://maps.example.com/COP1'),
('L82', 42, 'COP2', 'Collection Point 2', '456 Elm St, Town', 'Active', 'https://maps.example.com/COP2'),
('L83', 43, 'COP3', 'Collection Point 3', '789 Oak Ave, Village', 'Inactive', 'https://maps.example.com/COP3'),
('L84', 44, 'COP4', 'Collection Point 4', '321 Pine Rd, City', 'Active', 'https://maps.example.com/COP4'),
('L85', 45, 'COP5', 'Collection Point 5', '654 Maple Ln, Town', 'Active', 'https://maps.example.com/COP5'),
('L86', 41, 'COP6', 'Collection Point 6', '987 Cedar St, Village', 'Inactive', 'https://maps.example.com/COP6'),
('L87', 42, 'COP7', 'Collection Point 7', '159 Birch Dr, City', 'Active', 'https://maps.example.com/COP7'),
('L88', 43, 'COP8', 'Collection Point 8', '753 Walnut Ave, Town', 'Active', 'https://maps.example.com/COP8'),
('L89', 44, 'COP9', 'Collection Point 9', '951 Spruce Rd, Village', 'Inactive', 'https://maps.example.com/COP9'),
('L90', 45, 'COP10', 'Collection Point 10', '147 Chestnut Ln, City', 'Active', 'https://maps.example.com/COP10'),
('L91', 46, 'COP1', 'Collection Point 1', '123 Main St, City', 'Active', 'https://maps.example.com/COP1'),
('L92', 47, 'COP2', 'Collection Point 2', '456 Elm St, Town', 'Active', 'https://maps.example.com/COP2'),
('L93', 48, 'COP3', 'Collection Point 3', '789 Oak Ave, Village', 'Inactive', 'https://maps.example.com/COP3'),
('L94', 49, 'COP4', 'Collection Point 4', '321 Pine Rd, City', 'Active', 'https://maps.example.com/COP4'),
('L95', 50, 'COP5', 'Collection Point 5', '654 Maple Ln, Town', 'Active', 'https://maps.example.com/COP5'),
('L96', 46, 'COP6', 'Collection Point 6', '987 Cedar St, Village', 'Inactive', 'https://maps.example.com/COP6'),
('L97', 47, 'COP7', 'Collection Point 7', '159 Birch Dr, City', 'Active', 'https://maps.example.com/COP7'),
('L98', 48, 'COP8', 'Collection Point 8', '753 Walnut Ave, Town', 'Active', 'https://maps.example.com/COP8'),
('L99', 49, 'COP9', 'Collection Point 9', '951 Spruce Rd, Village', 'Inactive', 'https://maps.example.com/COP9'),
('L100', 50, 'COP10', 'Collection Point 10', '147 Chestnut Ln, City', 'Active', 'https://maps.example.com/COP10');

INSERT INTO Notification (notification_id, customer_id, content, time_stamp)
VALUES
('N1', 73, 'Reminder: Your scheduled collection visit is tomorrow at 9:00 AM.', '2023-06-01 10:00:00'),
('N2', 12, 'Update: Your collection schedule has been changed to every Tuesday starting from next week.', '2023-06-02 14:30:00'),
('N3', 56, 'Notification: Due to a holiday, your collection visit will be postponed to the following day.', '2023-06-03 11:15:00'),
('N4', 91, 'Reminder: Your collection bin is due for replacement. Please contact our customer service.', '2023-06-04 09:45:00'),
('N5', 28, 'Update: We have introduced a new recycling program. Visit our website for more details.', '2023-06-05 16:20:00'),
('N6', 42, 'Notification: Your collection visit is scheduled for tomorrow at 11:00 AM.', '2023-06-06 13:00:00'),
('N7', 85, 'Reminder: Please ensure your collection bin is accessible for our team.', '2023-06-07 15:30:00'),
('N8', 19, 'Update: We have expanded our service area. Check if your location is now covered.', '2023-06-08 10:10:00'),
('N9', 64, 'Notification: Your collection visit has been rescheduled to next Wednesday due to unforeseen circumstances.', '2023-06-09 12:45:00'),
('N10', 37, 'Reminder: Your collection bin is reaching its capacity. Consider upgrading to a larger size.', '2023-06-10 08:30:00'),
('N11', 81, 'Update: We have launched a new mobile app for easy recycling tracking and rewards.', '2023-06-11 17:00:00'),
('N12', 50, 'Notification: Your collection visit is scheduled for tomorrow at 2:00 PM.', '2023-06-12 11:20:00'),
('N13', 23, 'Reminder: Please properly sort your recyclables to avoid contamination.', '2023-06-13 14:10:00'),
('N14', 96, 'Update: We have partnered with a local charity for recycling proceeds donation.', '2023-06-14 09:00:00'),
('N15', 69, 'Notification: Your collection visit has been successfully completed today.', '2023-06-15 16:30:00'),
('N16', 34, 'Reminder: Your collection schedule will be adjusted due to the upcoming public holiday.', '2023-06-16 13:45:00'),
('N17', 87, 'Update: We have introduced a new type of recyclable material accepted in our program.', '2023-06-17 10:50:00'),
('N18', 52, 'Notification: Your collection visit is scheduled for tomorrow at 10:30 AM.', '2023-06-18 15:15:00'),
('N19', 15, 'Reminder: Please place your collection bin at the designated spot before 8:00 AM.', '2023-06-19 12:00:00'),
('N20', 78, 'Update: We have revised our recycling guidelines. Please check our website for the latest information.', '2023-06-20 08:45:00'),
('N21', 41, 'Reminder: Your scheduled collection visit is tomorrow at 9:00 AM.', '2023-06-21 10:00:00'),
('N22', 94, 'Update: Your collection schedule has been changed to every Tuesday starting from next week.', '2023-06-22 14:30:00'),
('N23', 67, 'Notification: Due to a holiday, your collection visit will be postponed to the following day.', '2023-06-23 11:15:00'),
('N24', 30, 'Reminder: Your collection bin is due for replacement. Please contact our customer service.', '2023-06-24 09:45:00'),
('N25', 83, 'Update: We have introduced a new recycling program. Visit our website for more details.', '2023-06-25 16:20:00'),
('N26', 56, 'Notification: Your collection visit is scheduled for tomorrow at 11:00 AM.', '2023-06-26 13:00:00'),
('N27', 29, 'Reminder: Please ensure your collection bin is accessible for our team.', '2023-06-27 15:30:00'),
('N28', 72, 'Update: We have expanded our service area. Check if your location is now covered.', '2023-06-28 10:10:00'),
('N29', 45, 'Notification: Your collection visit has been rescheduled to next Wednesday due to unforeseen circumstances.', '2023-06-29 12:45:00'),
('N30', 98, 'Reminder: Your collection bin is reaching its capacity. Consider upgrading to a larger size.', '2023-06-30 08:30:00'),
('N31', 11, 'Update: We have launched a new mobile app for easy recycling tracking and rewards.', '2023-07-01 17:00:00'),
('N32', 84, 'Notification: Your collection visit is scheduled for tomorrow at 2:00 PM.', '2023-07-02 11:20:00'),
('N33', 57, 'Reminder: Please properly sort your recyclables to avoid contamination.', '2023-07-03 14:10:00'),
('N34', 20, 'Update: We have partnered with a local charity for recycling proceeds donation.', '2023-07-04 09:00:00'),
('N35', 93, 'Notification: Your collection visit has been successfully completed today.', '2023-07-05 16:30:00'),
('N36', 66, 'Reminder: Your collection schedule will be adjusted due to the upcoming public holiday.', '2023-07-06 13:45:00'),
('N37', 39, 'Update: We have introduced a new type of recyclable material accepted in our program.', '2023-07-07 10:50:00'),
('N38', 82, 'Notification: Your collection visit is scheduled for tomorrow at 10:30 AM.', '2023-07-08 15:15:00'),
('N39', 55, 'Reminder: Please place your collection bin at the designated spot before 8:00 AM.', '2023-07-09 12:00:00'),
('N40', 18, 'Update: We have revised our recycling guidelines. Please check our website for the latest information.', '2023-07-10 08:45:00'),
('N41', 91, 'Reminder: Your scheduled collection visit is tomorrow at 9:00 AM.', '2023-07-11 10:00:00'),
('N42', 34, 'Update: Your collection schedule has been changed to every Tuesday starting from next week.', '2023-07-12 14:30:00'),
('N43', 77, 'Notification: Due to a holiday, your collection visit will be postponed to the following day.', '2023-07-13 11:15:00'),
('N44', 60, 'Reminder: Your collection bin is due for replacement. Please contact our customer service.', '2023-07-14 09:45:00'),
('N45', 23, 'Update: We have introduced a new recycling program. Visit our website for more details.', '2023-07-15 16:20:00'),
('N46', 96, 'Notification: Your collection visit is scheduled for tomorrow at 11:00 AM.', '2023-07-16 13:00:00'),
('N47', 49, 'Reminder: Please ensure your collection bin is accessible for our team.', '2023-07-17 15:30:00'),
('N48', 82, 'Update: We have expanded our service area. Check if your location is now covered.', '2023-07-18 10:10:00'),
('N49', 15, 'Notification: Your collection visit has been rescheduled to next Wednesday due to unforeseen circumstances.', '2023-07-19 12:45:00'),
('N50', 68, 'Reminder: Your collection bin is reaching its capacity. Consider upgrading to a larger size.', '2023-07-20 08:30:00'),
('N51', 31, 'Update: We have launched a new mobile app for easy recycling tracking and rewards.', '2023-07-21 17:00:00'),
('N52', 94, 'Notification: Your collection visit is scheduled for tomorrow at 2:00 PM.', '2023-07-22 11:20:00'),
('N53', 47, 'Reminder: Please properly sort your recyclables to avoid contamination.', '2023-07-23 14:10:00'),
('N54', 80, 'Update: We have partnered with a local charity for recycling proceeds donation.', '2023-07-24 09:00:00'),
('N55', 13, 'Notification: Your collection visit has been successfully completed today.', '2023-07-25 16:30:00'),
('N56', 76, 'Reminder: Your collection schedule will be adjusted due to the upcoming public holiday.', '2023-07-26 13:45:00'),
('N57', 39, 'Update: We have introduced a new type of recyclable material accepted in our program.', '2023-07-27 10:50:00'),
('N58', 92, 'Notification: Your collection visit is scheduled for tomorrow at 10:30 AM.', '2023-07-28 15:15:00'),
('N59', 65, 'Reminder: Please place your collection bin at the designated spot before 8:00 AM.', '2023-07-29 12:00:00'),
('N60', 28, 'Update: We have revised our recycling guidelines. Please check our website for the latest information.', '2023-07-30 08:45:00'),
('N61', 81, 'Reminder: Your scheduled collection visit is tomorrow at 9:00 AM.', '2023-07-31 10:00:00'),
('N62', 54, 'Update: Your collection schedule has been changed to every Tuesday starting from next week.', '2023-08-01 14:30:00'),
('N63', 17, 'Notification: Due to a holiday, your collection visit will be postponed to the following day.', '2023-08-02 11:15:00'),
('N64', 90, 'Reminder: Your collection bin is due for replacement. Please contact our customer service.', '2023-08-03 09:45:00'),
('N65', 43, 'Update: We have introduced a new recycling program. Visit our website for more details.', '2023-08-04 16:20:00'),
('N66', 66, 'Notification: Your collection visit is scheduled for tomorrow at 11:00 AM.', '2023-08-05 13:00:00'),
('N67', 29, 'Reminder: Please ensure your collection bin is accessible for our team.', '2023-08-06 15:30:00'),
('N68', 92, 'Update: We have expanded our service area. Check if your location is now covered.', '2023-08-07 10:10:00'),
('N69', 55, 'Notification: Your collection visit has been rescheduled to next Wednesday due to unforeseen circumstances.', '2023-08-08 12:45:00'),
('N70', 78, 'Reminder: Your collection bin is reaching its capacity. Consider upgrading to a larger size.', '2023-08-09 08:30:00'),
('N71', 21, 'Update: We have launched a new mobile app for easy recycling tracking and rewards.', '2023-08-10 17:00:00'),
('N72', 94, 'Notification: Your collection visit is scheduled for tomorrow at 2:00 PM.', '2023-08-11 11:20:00'),
('N73', 37, 'Reminder: Please properly sort your recyclables to avoid contamination.', '2023-08-12 14:10:00'),
('N74', 80, 'Update: We have partnered with a local charity for recycling proceeds donation.', '2023-08-13 09:00:00'),
('N75', 53, 'Notification: Your collection visit has been successfully completed today.', '2023-08-14 16:30:00'),
('N76', 16, 'Reminder: Your collection schedule will be adjusted due to the upcoming public holiday.', '2023-08-15 13:45:00'),
('N77', 89, 'Update: We have introduced a new type of recyclable material accepted in our program.', '2023-08-16 10:50:00'),
('N78', 62, 'Notification: Your collection visit is scheduled for tomorrow at 10:30 AM.', '2023-08-17 15:15:00'),
('N79', 25, 'Reminder: Please place your collection bin at the designated spot before 8:00 AM.', '2023-08-18 12:00:00'),
('N80', 98, 'Update: We have revised our recycling guidelines. Please check our website for the latest information.', '2023-08-19 08:45:00'),
('N81', 31, 'Reminder: Your scheduled collection visit is tomorrow at 9:00 AM.', '2023-08-20 10:00:00'),
('N82', 84, 'Update: Your collection schedule has been changed to every Tuesday starting from next week.', '2023-08-21 14:30:00'),
('N83', 47, 'Notification: Due to a holiday, your collection visit will be postponed to the following day.', '2023-08-22 11:15:00'),
('N84', 10, 'Reminder: Your collection bin is due for replacement. Please contact our customer service.', '2023-08-23 09:45:00'),
('N85', 73, 'Update: We have introduced a new recycling program. Visit our website for more details.', '2023-08-24 16:20:00'),
('N86', 36, 'Notification: Your collection visit is scheduled for tomorrow at 11:00 AM.', '2023-08-25 13:00:00'),
('N87', 99, 'Reminder: Please ensure your collection bin is accessible for our team.', '2023-08-26 15:30:00'),
('N88', 22, 'Update: We have expanded our service area. Check if your location is now covered.', '2023-08-27 10:10:00'),
('N89', 95, 'Notification: Your collection visit has been rescheduled to next Wednesday due to unforeseen circumstances.', '2023-08-28 12:45:00'),
('N90', 58, 'Reminder: Your collection bin is reaching its capacity. Consider upgrading to a larger size.', '2023-08-29 08:30:00'),
('N91', 71, 'Update: We have launched a new mobile app for easy recycling tracking and rewards.', '2023-08-30 17:00:00'),
('N92', 14, 'Notification: Your collection visit is scheduled for tomorrow at 2:00 PM.', '2023-08-31 11:20:00'),
('N93', 87, 'Reminder: Please properly sort your recyclables to avoid contamination.', '2023-09-01 14:10:00'),
('N94', 40, 'Update: We have partnered with a local charity for recycling proceeds donation.', '2023-09-02 09:00:00'),
('N95', 63, 'Notification: Your collection visit has been successfully completed today.', '2023-09-03 16:30:00'),
('N96', 26, 'Reminder: Your collection schedule will be adjusted due to the upcoming public holiday.', '2023-09-04 13:45:00');

INSERT INTO Bin(bin_id, bin_size,price,location,status) VALUES
('B1', 280, 85, 'Hoppers Crossing', 'In use'),
('B2', 660, 575, 'North Geelong', 'Available'),
('B3', 280, 85, 'North Geelong', 'In use'),
('B4', 660, 575, 'Hoppers Crossing', 'Available'),
('B5', 280, 85, 'Hoppers Crossing', 'In use'),
('B6', 660, 575, 'North Geelong', 'Available'),
('B7', 280, 85, 'North Geelong', 'In use'),
('B8', 660, 575, 'Hoppers Crossing', 'Available'),
('B9', 280, 85, 'Hoppers Crossing', 'In use'),
('B10', 660, 575, 'North Geelong', 'Available'),
('B11', 280, 85, 'North Geelong', 'In use'),
('B12', 660, 575, 'Hoppers Crossing', 'Available'),
('B13', 280, 85, 'Hoppers Crossing', 'In use'),
('B14', 660, 575, 'North Geelong', 'Available'),
('B15', 280, 85, 'North Geelong', 'In use'),
('B16', 660, 575, 'Hoppers Crossing', 'Available'),
('B17', 280, 85, 'Hoppers Crossing', 'In use'),
('B18', 660, 575, 'North Geelong', 'Available'),
('B19', 280, 85, 'North Geelong', 'In use'),
('B20', 660, 575, 'Hoppers Crossing', 'Available'),
('B21', 280, 85, 'Hoppers Crossing', 'In use'),
('B22', 660, 575, 'North Geelong', 'Available'),
('B23', 280, 85, 'North Geelong', 'In use'),
('B24', 660, 575, 'Hoppers Crossing', 'Available'),
('B25', 280, 85, 'Hoppers Crossing', 'In use'),
('B26', 660, 575, 'North Geelong', 'Available'),
('B27', 280, 85, 'North Geelong', 'In use'),
('B28', 660, 575, 'Hoppers Crossing', 'Available'),
('B29', 280, 85, 'Hoppers Crossing', 'In use'),
('B30', 660, 575, 'North Geelong', 'Available'),
('B31', 280, 85, 'North Geelong', 'In use'),
('B32', 660, 575, 'Hoppers Crossing', 'Available'),
('B33', 280, 85, 'Hoppers Crossing', 'In use'),
('B34', 660, 575, 'North Geelong', 'Available'),
('B35', 280, 85, 'North Geelong', 'In use'),
('B36', 660, 575, 'Hoppers Crossing', 'Available'),
('B37', 280, 85, 'Hoppers Crossing', 'In use'),
('B38', 660, 575, 'North Geelong', 'Available'),
('B39', 280, 85, 'North Geelong', 'In use'),
('B40', 660, 575, 'Hoppers Crossing', 'Available'),
('B41', 280, 85, 'Hoppers Crossing', 'In use'),
('B42', 660, 575, 'North Geelong', 'Available'),
('B43', 280, 85, 'North Geelong', 'In use'),
('B44', 660, 575, 'Hoppers Crossing', 'Available'),
('B45', 280, 85, 'Hoppers Crossing', 'In use'),
('B46', 660, 575, 'North Geelong', 'Available'),
('B47', 280, 85, 'North Geelong', 'In use'),
('B48', 660, 575, 'Hoppers Crossing', 'Available'),
('B49', 280, 85, 'Hoppers Crossing', 'In use'),
('B50', 660, 575, 'North Geelong', 'Available'),
('B51', 280, 85, 'North Geelong', 'In use'),
('B52', 660, 575, 'Hoppers Crossing', 'Available'),
('B53', 280, 85, 'Hoppers Crossing', 'In use'),
('B54', 660, 575, 'North Geelong', 'Available'),
('B55', 280, 85, 'North Geelong', 'In use'),
('B56', 660, 575, 'Hoppers Crossing', 'Available'),
('B57', 280, 85, 'Hoppers Crossing', 'In use'),
('B58', 660, 575, 'North Geelong', 'Available'),
('B59', 280, 85, 'North Geelong', 'In use'),
('B60', 660, 575, 'Hoppers Crossing', 'Available'),
('B61', 280, 85, 'Hoppers Crossing', 'In use'),
('B62', 660, 575, 'North Geelong', 'Available'),
('B63', 280, 85, 'North Geelong', 'In use'),
('B64', 660, 575, 'Hoppers Crossing', 'Available'),
('B65', 280, 85, 'Hoppers Crossing', 'In use'),
('B66', 660, 575, 'North Geelong', 'Available'),
('B67', 280, 85, 'North Geelong', 'In use'),
('B68', 660, 575, 'Hoppers Crossing', 'Available'),
('B69', 280, 85, 'Hoppers Crossing', 'In use'),
('B70', 660, 575, 'North Geelong', 'Available'),
('B71', 280, 85, 'North Geelong', 'In use'),
('B72', 660, 575, 'Hoppers Crossing', 'Available'),
('B73', 280, 85, 'Hoppers Crossing', 'In use'),
('B74', 660, 575, 'North Geelong', 'Available'),
('B75', 280, 85, 'North Geelong', 'In use'),
('B76', 660, 575, 'Hoppers Crossing', 'Available'),
('B77', 280, 85, 'Hoppers Crossing', 'In use'),
('B78', 660, 575, 'North Geelong', 'Available'),
('B79', 280, 85, 'North Geelong', 'In use'),
('B80', 660, 575, 'Hoppers Crossing', 'Available'),
('B81', 280, 85, 'Hoppers Crossing', 'In use'),
('B82', 660, 575, 'North Geelong', 'Available'),
('B83', 280, 85, 'North Geelong', 'In use'),
('B84', 660, 575, 'Hoppers Crossing', 'Available'),
('B85', 280, 85, 'Hoppers Crossing', 'In use'),
('B86', 660, 575, 'North Geelong', 'Available'),
('B87', 280, 85, 'North Geelong', 'In use'),
('B88', 660, 575, 'Hoppers Crossing', 'Available'),
('B89', 280, 85, 'Hoppers Crossing', 'In use'),
('B90', 660, 575, 'North Geelong', 'Available'),
('B91', 280, 85, 'North Geelong', 'In use'),
('B92', 280, 85, 'Hoppers Crossing', 'In use'),
('B93', 660, 575, 'North Geelong', 'Available'),
('B94', 280, 85, 'Hoppers Crossing', 'In use'),
('B95', 660, 575, 'North Geelong', 'Available'),
('B96', 280, 85, 'Hoppers Crossing', 'In use'),
('B97', 660, 575, 'North Geelong', 'Available'),
('B98', 280, 85, 'Hoppers Crossing', 'In use'),
('B99', 660, 575, 'North Geelong', 'Available'),
('B100', 280, 85, 'Hoppers Crossing', 'In use');




INSERT INTO Bin_distribution (distribution_id, truck_id, order_id, time_stamp, street, zip_code) VALUES
('DB1', 'T2', 'BO99', '2022-08-10 06:29:00', '456 Elm St', 3350),
('DB2', 'T3', 'BO98', '2023-06-30 13:22:00', '123 Cedar St', 3000),
('DB3', 'T7', 'BO97', '2023-05-26 08:54:00', '567 Pine Rd', 3216),
('DB4', 'T9', 'BO96', '2023-05-16 16:03:00', '789 Oak Ave', 3000),
('DB5', 'T3', 'BO95', '2022-05-16 20:29:00', '456 Birch Dr', 3220),
('DB6', 'T9', 'BO94', '2022-07-12 16:55:00', '123 Cedar St', 3000),
('DB7', 'T2', 'BO93', '2023-09-16 07:03:00', '789 Pine Rd', 3350),
('DB8', 'T7', 'BO92', '2023-07-30 04:20:00', '456 Maple Ln', 3000),
('DB9', 'T9', 'BO91', '2023-01-23 17:06:00', '456 Maple Ln', 3216),
('DB10', 'T2', 'BO90', '2023-09-04 18:56:00', '123 Elm St', 3000),
('DB11', 'T7', 'BO9', '2023-05-05 01:07:00', '999 Oak St', 3350),
('DB12', 'T3', 'BO89', '2022-04-13 01:28:00', '789 Cedar St', 3220),
('DB13', 'T7', 'BO88', '2023-08-21 21:45:00', '456 Birch Dr', 3000),
('DB14', 'T2', 'BO87', '2023-06-23 11:49:00', '123 Pine Rd', 3350),
('DB15', 'T3', 'BO86', '2023-06-30 05:24:00', '567 Oak Ave', 3000),
('DB16', 'T9', 'BO85', '2023-03-26 09:42:00', '789 Elm St', 3216),
('DB17', 'T9', 'BO84', '2022-07-28 00:40:00', '456 Cedar St', 3000),
('DB18', 'T2', 'BO83', '2022-08-04 22:25:00', '123 Birch Dr', 3220),
('DB19', 'T7', 'BO82', '2022-10-20 18:45:00', '456 Elm St', 3000),
('DB20', 'T3', 'BO81', '2022-06-16 21:01:00', '123 Cedar St', 3350),
('DB21', 'T7', 'BO80', '2023-05-03 21:05:00', '789 Maple Ln', 3000),
('DB22', 'T9', 'BO8', '2022-12-21 10:36:00', '888 Spruce St', 3000),
('DB23', 'T2', 'BO79', '2023-02-20 07:01:00', '456 Oak Ave', 3216),
('DB24', 'T3', 'BO78', '2022-10-19 17:23:00', '123 Elm St', 3000),
('DB25', 'T3', 'BO77', '2022-10-06 19:13:00', '567 Pine Rd', 3220),
('DB26', 'T9', 'BO76', '2023-04-30 13:26:00', '789 Oak Ave', 3000),
('DB27', 'T2', 'BO75', '2023-01-30 15:04:00', '456 Elm St', 3350),
('DB28', 'T7', 'BO74', '2023-03-06 14:42:00', '123 Maple Ln', 3000),
('DB29', 'T9', 'BO73', '2022-08-18 18:05:00', '789 Birch Dr', 3216),
('DB30', 'T2', 'BO72', '2023-11-30 22:17:00', '456 Elm St', 3000),
('DB31', 'T7', 'BO71', '2023-07-20 20:44:00', '123 Cedar St', 3220),
('DB32', 'T3', 'BO70', '2023-06-16 18:42:00', '567 Pine Rd', 3000),
('DB33', 'T9', 'BO7', '2022-11-11 21:26:00', '777 Walnut St', 3216),
('DB34', 'T3', 'BO69', '2023-06-06 02:47:00', '789 Oak Ave', 3350),
('DB35', 'T2', 'BO68', '2022-11-28 20:01:00', '456 Elm St', 3000),
('DB36', 'T7', 'BO67', '2023-09-08 19:00:00', '123 Maple Ln', 3216),
('DB37', 'T9', 'BO66', '2023-06-30 22:48:00', '567 Pine Rd', 3000),
('DB38', 'T2', 'BO65', '2023-07-30 09:52:00', '789 Oak Ave', 3220),
('DB39', 'T7', 'BO64', '2023-03-28 03:47:00', '456 Elm St', 3000),
('DB40', 'T9', 'BO63', '2023-08-28 03:25:00', '123 Maple Ln', 3350),
('DB41', 'T3', 'BO62', '2023-03-22 21:30:00', '567 Pine Rd', 3000),
('DB42', 'T3', 'BO61', '2022-11-19 08:16:00', '789 Oak Ave', 3216),
('DB43', 'T7', 'BO60', '2023-11-10 12:31:00', '567 Elm St', 3000),
('DB44', 'T2', 'BO6', '2023-08-16 03:39:00', '444 Lonsdale St', 3000),
('DB45', 'T9', 'BO59', '2022-03-28 21:46:00', '789 Maple Ln', 3220),
('DB46', 'T9', 'BO58', '2022-01-17 14:55:00', '456 Cedar St', 3000),
('DB47', 'T7', 'BO57', '2023-09-08 08:20:00', '123 Birch Dr', 3350),
('DB48', 'T2', 'BO56', '2022-12-28 12:17:00', '789 Pine Rd', 3000),
('DB49', 'T3', 'BO55', '2022-04-28 20:21:00', '567 Oak Ave', 3216),
('DB50', 'T7', 'BO54', '2023-02-03 18:08:00', '789 Elm St', 3000),
('DB51', 'T9', 'BO53', '2022-11-26 01:35:00', '456 Maple Ln', 3220),
('DB52', 'T2', 'BO52', '2022-06-28 20:03:00', '123 Cedar St', 3000),
('DB53', 'T7', 'BO51', '2023-09-18 21:57:00', '567 Birch Dr', 3350),
('DB54', 'T3', 'BO50', '2022-07-21 00:27:00', '789 Pine Rd', 3000),
('DB55', 'T3', 'BO5', '2022-09-14 18:17:00', '555 Maple Ave', 3214),
('DB56', 'T9', 'BO49', '2023-02-06 20:29:00', '456 Oak Ave', 3216),
('DB57', 'T9', 'BO48', '2023-05-19 09:14:00', '123 Elm St', 3000),
('DB58', 'T7', 'BO47', '2022-06-24 10:16:00', '789 Maple Ln', 3220),
('DB59', 'T2', 'BO46', '2023-06-09 09:56:00', '567 Pine Rd', 3000),
('DB60', 'T2', 'BO45', '2022-12-20 06:01:00', '789 Oak Ave', 3350),
('DB61', 'T7', 'BO44', '2022-12-14 14:28:00', '456 Elm St', 3000),
('DB62', 'T9', 'BO43', '2023-07-30 14:54:00', '123 Main St', 3216),
('DB63', 'T3', 'BO42', '2023-07-27 21:52:00', '258 Sixteenth St', 3000),
('DB64', 'T9', 'BO41', '2022-08-31 19:14:00', '147 Fifteenth St', 3220),
('DB65', 'T2', 'BO40', '2023-02-13 18:44:00', '951 Fourteenth St', 3000),
('DB66', 'T7', 'BO4', '2023-01-22 18:09:00', '321 Swanston St', 3000),
('DB67', 'T3', 'BO39', '2022-05-21 08:09:00', '753 Thirteenth St', 3350),
('DB68', 'T9', 'BO38', '2023-07-28 01:04:00', '369 Twelfth St', 3000),
('DB69', 'T2', 'BO37', '2023-11-06 00:27:00', '258 Eleventh St', 3216),
('DB70', 'T7', 'BO36', '2022-09-20 18:57:00', '147 Tenth St', 3000),
('DB71', 'T3', 'BO35', '2022-11-23 06:43:00', '951 Ninth St', 3220),
('DB72', 'T9', 'BO34', '2023-03-09 18:34:00', '753 Eighth St', 3000),
('DB73', 'T2', 'BO33', '2023-10-22 00:38:00', '369 Seventh St', 3350),
('DB74', 'T9', 'BO32', '2023-03-31 18:48:00', '246 Sixth St', 3000),
('DB75', 'T3', 'BO31', '2022-07-30 13:09:00', '567 Fifth St', 3216),
('DB76', 'T7', 'BO30', '2022-03-12 06:54:00', '321 Fourth St', 3000),
('DB77', 'T2', 'BO3', '2023-04-16 12:40:00', '789 Flinders St', 3000),
('DB78', 'T9', 'BO29', '2023-09-09 07:32:00', '789 Third St', 3220),
('DB79', 'T3', 'BO28', '2022-06-10 02:54:00', '456 Second St', 3000),
('DB80', 'T7', 'BO27', '2022-10-10 15:12:00', '123 Main St', 3350),
('DB81', 'T2', 'BO26', '2022-10-10 08:56:00', '258 Sixteenth St', 3000),
('DB82', 'T7', 'BO25', '2022-06-03 22:42:00', '147 Fifteenth St', 3216),
('DB83', 'T9','BO24', '2023-03-16 08:54:00', '951 Fourteenth St', 3000),
('DB84', 'T3', 'BO23', '2023-09-05 19:38:00', '753 Thirteenth St', 3220),
('DB85', 'T2', 'BO22', '2022-01-20 05:32:00', '369 Twelfth St', 3000),
('DB86', 'T9', 'BO21', '2023-11-03 10:52:00', '258 Eleventh St', 3350),
('DB87', 'T7', 'BO20', '2022-12-21 21:53:00', '147 Tenth St', 3000),
('DB88', 'T3', 'BO2', '2023-08-07 08:19:00', '456 Elm St', 3220),
('DB89', 'T9', 'BO19', '2022-10-13 11:47:00', '951 Ninth St', 3216),
('DB90', 'T2', 'BO18', '2022-08-15 02:54:00', '753 Eighth St', 3000),
('DB91', 'T7', 'BO17', '2023-07-24 15:12:00', '369 Seventh St', 3220),
('DB92', 'T3', 'BO16', '2022-09-16 08:56:00', '246 Sixth St', 3000),
('DB93', 'T9', 'BO15', '2022-07-06 22:42:00', '567 Fifth St', 3350),
('DB94', 'T2', 'BO14', '2023-05-29 08:54:00', '321 Fourth St', 3000),
('DB95', 'T7', 'BO13', '2023-04-21 19:38:00', '789 Third St', 3216),
('DB96', 'T9', 'BO12', '2022-06-25 05:32:00', '456 Second St', 3000),
('DB97', 'T3', 'BO11', '2023-07-23 10:52:00', '123 Main St', 3220),
('DB98', 'T7', 'BO100', '2022-12-28 21:53:00', '789 Oak Ave', 3000),
('DB99', 'T9', 'BO10', '2023-06-16 08:19:00', '111 Pine St', 3000),
('DB100', 'T2', 'BO1', '2022-09-06 11:47:00', '123 Bourke St', 3000);

 
INSERT INTO bin_assignment (bin_assignment_id,bin_id,bin_status,order_id,time_stamp) VALUES
('BA1', 'B1', 'In use', 'BO1', '2022-08-06 06:29:00'),
('BA2', 'B10', 'Available', 'BO10', '2023-08-14 21:45:00'),
('BA3', 'B100', 'In use', 'BO100', '2022-10-13 17:23:00'),
('BA4', 'B11', 'In use', 'BO11', '2022-11-12 20:01:00'),
('BA5', 'B12', 'Available', 'BO12', '2023-01-09 14:55:00'),
('BA6', 'B13', 'In use', 'BO13', '2023-05-07 09:14:00'),
('BA7', 'B14', 'Available', 'BO14', '2023-11-22 01:04:00'),
('BA8', 'B15', 'In use', 'BO15', '2023-02-18 01:43:00'),
('BA9', 'B16', 'Available', 'BO16', '2022-08-07 02:54:00'),
('BA10', 'B17', 'In use', 'BO17', '2023-06-28 13:22:00'),
('BA11', 'B18', 'Available', 'BO18', '2023-05-10 16:03:00'),
('BA12', 'B19', 'In use', 'BO19', '2022-05-09 20:29:00'),
('BA13', 'B2', 'Available', 'BO2', '2022-11-30 16:55:00'),
('BA14', 'B20', 'Available', 'BO20', '2023-09-12 07:03:00'),
('BA15', 'B21', 'In use', 'BO21', '2023-07-12 04:20:00'),
('BA16', 'B22', 'Available', 'BO22', '2023-01-16 17:06:00'),
('BA17', 'B23', 'In use', 'BO23', '2023-03-25 18:56:00'),
('BA18', 'B24', 'Available', 'BO24', '2023-04-02 01:07:00'),
('BA19', 'B25', 'In use', 'BO25', '2022-03-23 01:28:00'),
('BA20', 'B26', 'Available', 'BO26', '2023-06-11 11:49:00'),
('BA21', 'B27', 'In use', 'BO27', '2023-06-23 05:24:00'),
('BA22', 'B28', 'Available', 'BO28', '2023-03-16 09:42:00'),
('BA23', 'B29', 'In use', 'BO29', '2022-07-15 00:40:00'),
('BA24', 'B3', 'In use', 'BO3', '2022-07-23 22:25:00'),
('BA25', 'B30', 'Available', 'BO30', '2022-10-10 18:45:00'),
('BA26', 'B31', 'In use', 'BO31', '2022-06-12 21:01:00'),
('BA27', 'B32', 'Available', 'BO32', '2023-04-25 21:05:00'),
('BA28', 'B33', 'In use', 'BO33', '2022-12-16 10:36:00'),
('BA29', 'B34', 'Available', 'BO34', '2023-02-14 07:01:00'),
('BA30', 'B35', 'In use', 'BO35', '2022-09-16 19:13:00'),
('BA31', 'B36', 'Available', 'BO36', '2023-04-08 13:26:00'),
('BA32', 'B37', 'In use', 'BO37', '2023-01-24 15:04:00'),
('BA33', 'B38', 'Available', 'BO38', '2023-02-27 14:42:00'),
('BA34', 'B39', 'In use', 'BO39', '2022-08-11 18:05:00'),
('BA35', 'B4', 'Available', 'BO4', '2023-11-23 22:17:00'),
('BA36', 'B40', 'Available', 'BO40', '2023-07-07 20:44:00'),
('BA37', 'B41', 'In use', 'BO41', '2023-08-22 18:42:00'),
('BA38', 'B42', 'Available', 'BO42', '2023-11-01 21:26:00'),
('BA39', 'B43', 'In use', 'BO43', '2023-05-24 02:47:00'),
('BA40', 'B44', 'Available', 'BO44', '2023-08-25 19:00:00'),
('BA41', 'B45', 'In use', 'BO45', '2023-06-06 22:48:00'),
('BA42', 'B46', 'Available', 'BO46', '2023-07-06 09:52:00'),
('BA43', 'B47', 'In use', 'BO47', '2023-03-18 03:47:00'),
('BA44', 'B48', 'Available', 'BO48', '2023-08-15 03:25:00'),
('BA45', 'B49', 'In use', 'BO49', '2023-03-07 21:30:00'),
('BA46', 'B5', 'In use', 'BO5', '2022-11-05 08:16:00'),
('BA47', 'B50', 'Available', 'BO50', '2023-10-27 12:31:00'),
('BA48', 'B51', 'In use', 'BO51', '2023-07-31 03:39:00'),
('BA49', 'B52', 'Available', 'BO52', '2023-03-19 21:46:00'),
('BA50', 'B53', 'In use', 'BO53', '2023-08-31 08:20:00'),
('BA51', 'B54', 'Available', 'BO54', '2022-12-18 12:17:00'),
('BA52', 'B55', 'In use', 'BO55', '2022-04-18 20:21:00'),
('BA53', 'B56', 'Available', 'BO56', '2023-01-26 18:08:00'),
('BA54', 'B57', 'In use', 'BO57', '2022-11-19 01:35:00'),
('BA55', 'B58', 'Available', 'BO58', '2022-06-22 20:03:00'),
('BA56', 'B59', 'In use', 'BO59', '2023-09-06 21:57:00'),
('BA57', 'B6', 'Available', 'BO6', '2022-07-17 00:27:00'),
('BA58', 'B60', 'Available', 'BO60', '2022-09-02 18:17:00'),
('BA59', 'B61', 'In use', 'BO61', '2023-01-21 20:29:00'),
('BA60', 'B62', 'Available', 'BO62', '2022-06-19 10:16:00'),
('BA61', 'B63', 'In use', 'BO63', '2023-05-28 09:56:00'),
('BA62', 'B64', 'Available', 'BO64', '2022-12-29 06:01:00'),
('BA63', 'B65', 'In use', 'BO65', '2022-11-25 14:28:00'),
('BA64', 'B66', 'Available', 'BO66', '2023-07-22 14:54:00'),
('BA65', 'B67', 'In use', 'BO67', '2023-07-20 21:52:00'),
('BA66', 'B68', 'Available', 'BO68', '2022-08-22 19:14:00'),
('BA67', 'B69', 'In use', 'BO69', '2023-02-02 18:44:00'),
('BA68', 'B7', 'In use', 'BO7', '2023-01-15 18:09:00'),
('BA69', 'B70', 'Available', 'BO70', '2022-05-14 08:09:00'),
('BA70', 'B71', 'In use', 'BO71', '2023-10-25 00:27:00'),
('BA71', 'B72', 'Available', 'BO72', '2022-09-13 00:57:00'),
('BA72', 'B73', 'In use', 'BO73', '2023-11-10 06:48:00'),
('BA73', 'B74', 'Available', 'BO74', '2023-02-28 09:15:00'),
('BA74', 'B75', 'In use', 'BO75', '2023-10-08 11:40:00'),
('BA75', 'B76', 'Available', 'BO76', '2023-03-23 01:01:00'),
('BA76', 'B77', 'In use', 'BO77', '2023-06-24 01:21:00'),
('BA77', 'B78', 'Available', 'BO78', '2023-02-26 02:09:00'),
('BA78', 'B79', 'In use', 'BO79', '2023-04-09 15:19:00'),
('BA79', 'B8', 'Available', 'BO8', '2022-08-29 11:47:00'),
('BA80', 'B80', 'Available', 'BO80', '2023-10-03 17:36:00'),
('BA81', 'B81', 'In use', 'BO81', '2023-10-04 14:36:00'),
('BA82', 'B82', 'Available', 'BO82', '2023-05-27 06:43:00'),
('BA83', 'B83', 'In use', 'BO83', '2023-03-06 18:34:00'),
('BA84', 'B84', 'Available', 'BO84', '2023-05-02 00:38:00'),
('BA85', 'B85', 'In use', 'BO85', '2023-01-13 18:48:00'),
('BA86', 'B86', 'Available', 'BO86', '2022-10-27 13:09:00'),
('BA87', 'B87', 'In use', 'BO87', '2022-12-17 06:54:00'),
('BA88', 'B88', 'Available', 'BO88', '2023-07-25 12:40:00'),
('BA89', 'B89', 'In use', 'BO89', '2023-10-06 07:32:00'),
('BA90', 'B9', 'In use', 'BO9', '2023-07-17 15:12:00'),
('BA91', 'B90', 'Available', 'BO90', '2022-09-09 08:56:00'),
('BA92', 'B91', 'In use', 'BO91', '2022-06-29 22:42:00'),
('BA93', 'B92', 'In use', 'BO92', '2023-05-22 08:54:00'),
('BA94', 'B93', 'Available', 'BO93', '2023-04-14 19:38:00'),
('BA95', 'B94', 'In use', 'BO94', '2022-06-18 05:32:00'),
('BA96', 'B95', 'Available', 'BO95', '2023-07-16 10:52:00'),
('BA97', 'B96', 'In use', 'BO96', '2022-12-21 21:53:00'),
('BA98', 'B97', 'Available', 'BO97', '2023-06-09 08:19:00'),
('BA99', 'B98', 'In use', 'BO98', '2022-08-29 11:47:00'),
('BA100', 'B99', 'Available', 'BO99', '2023-05-22 08:54:00');


INSERT INTO Photo (photo_id, customer_id, bin_assignment_id, image_URL, time_stamp)
VALUES
('P1', 1, 'BA1', 'https://example.com/images/photo1.jpg', '2023-06-01 09:00:00'),
('P2', 2, 'BA2', 'https://example.com/images/photo2.jpg', '2023-06-01 10:30:00'),
('P3', 3, 'BA3', 'https://example.com/images/photo3.jpg', '2023-06-01 12:15:00'),
('P4', 4, 'BA4', 'https://example.com/images/photo4.jpg', '2023-06-01 14:45:00'),
('P5', 5, 'BA5', 'https://example.com/images/photo5.jpg', '2023-06-01 16:20:00'),
('P6', 6, 'BA6', 'https://example.com/images/photo6.jpg', '2023-06-02 08:10:00'),
('P7', 7, 'BA7', 'https://example.com/images/photo7.jpg', '2023-06-02 11:30:00'),
('P8', 8, 'BA8', 'https://example.com/images/photo8.jpg', '2023-06-02 13:50:00'),
('P9', 9, 'BA9', 'https://example.com/images/photo9.jpg', '2023-06-02 15:45:00'),
('P10', 10, 'BA10', 'https://example.com/images/photo10.jpg', '2023-06-02 17:20:00'),
('P11', 11, 'BA11', 'https://example.com/images/photo11.jpg', '2023-06-03 09:30:00'),
('P12', 12, 'BA12', 'https://example.com/images/photo12.jpg', '2023-06-03 11:15:00'),
('P13', 13, 'BA13', 'https://example.com/images/photo13.jpg', '2023-06-03 14:00:00'),
('P14', 14, 'BA14', 'https://example.com/images/photo14.jpg', '2023-06-03 16:45:00'),
('P15', 15, 'BA15', 'https://example.com/images/photo15.jpg', '2023-06-03 18:30:00'),
('P16', 16, 'BA16', 'https://example.com/images/photo16.jpg', '2023-06-04 08:45:00'),
('P17', 17, 'BA17', 'https://example.com/images/photo17.jpg', '2023-06-04 10:20:00'),
('P18', 18, 'BA18', 'https://example.com/images/photo18.jpg', '2023-06-04 12:30:00'),
('P19', 19, 'BA19', 'https://example.com/images/photo19.jpg', '2023-06-04 14:15:00'),
('P20', 20, 'BA20', 'https://example.com/images/photo20.jpg', '2023-06-04 16:00:00'),
('P21', 21, 'BA21', 'https://example.com/images/photo21.jpg', '2023-06-05 09:30:00'),
('P22', 22, 'BA22', 'https://example.com/images/photo22.jpg', '2023-06-05 11:45:00'),
('P23', 23, 'BA23', 'https://example.com/images/photo23.jpg', '2023-06-05 14:20:00'),
('P24', 24, 'BA24', 'https://example.com/images/photo24.jpg', '2023-06-05 16:30:00'),
('P25', 25, 'BA25', 'https://example.com/images/photo25.jpg', '2023-06-05 18:15:00'),
('P26', 26, 'BA26', 'https://example.com/images/photo26.jpg', '2023-06-06 08:00:00'),
('P27', 27, 'BA27', 'https://example.com/images/photo27.jpg', '2023-06-06 10:45:00'),
('P28', 28, 'BA28', 'https://example.com/images/photo28.jpg', '2023-06-06 13:30:00'),
('P29', 29, 'BA29', 'https://example.com/images/photo29.jpg', '2023-06-06 15:15:00'),
('P30', 30, 'BA30', 'https://example.com/images/photo30.jpg', '2023-06-06 17:00:00'),
('P31', 31, 'BA31', 'https://example.com/images/photo31.jpg', '2023-06-07 09:45:00'),
('P32', 32, 'BA32', 'https://example.com/images/photo32.jpg', '2023-06-07 11:30:00'),
('P33', 33, 'BA33', 'https://example.com/images/photo33.jpg', '2023-06-07 14:15:00'),
('P34', 34, 'BA34', 'https://example.com/images/photo34.jpg', '2023-06-07 16:00:00'),
('P35', 35, 'BA35', 'https://example.com/images/photo35.jpg', '2023-06-07 18:45:00'),
('P36', 36, 'BA36', 'https://example.com/images/photo36.jpg', '2023-06-08 08:30:00'),
('P37', 37, 'BA37', 'https://example.com/images/photo37.jpg', '2023-06-08 10:15:00'),
('P38', 38, 'BA38', 'https://example.com/images/photo38.jpg', '2023-06-08 12:00:00'),
('P39', 39, 'BA39', 'https://example.com/images/photo39.jpg', '2023-06-08 14:45:00'),
('P40', 40, 'BA40', 'https://example.com/images/photo40.jpg', '2023-06-08 16:30:00'),
('P41', 41, 'BA41', 'https://example.com/images/photo41.jpg', '2023-06-09 09:15:00'),
('P42', 42, 'BA42', 'https://example.com/images/photo42.jpg', '2023-06-09 11:00:00'),
('P43', 43, 'BA43', 'https://example.com/images/photo43.jpg', '2023-06-09 13:45:00'),
('P44', 44, 'BA44', 'https://example.com/images/photo44.jpg', '2023-06-09 15:30:00'),
('P45', 45, 'BA45', 'https://example.com/images/photo45.jpg', '2023-06-09 17:15:00'),
('P46', 46, 'BA46', 'https://example.com/images/photo46.jpg', '2023-06-10 08:00:00'),
('P47', 47, 'BA47', 'https://example.com/images/photo47.jpg', '2023-06-10 10:45:00'),
('P48', 48, 'BA48', 'https://example.com/images/photo48.jpg', '2023-06-10 12:30:00'),
('P49', 49, 'BA49', 'https://example.com/images/photo49.jpg', '2023-06-10 14:15:00'),
('P50', 50, 'BA50', 'https://example.com/images/photo50.jpg', '2023-06-10 16:00:00'),
('P51', 51, 'BA51', 'https://example.com/images/photo51.jpg', '2023-06-11 09:45:00'),
('P52', 52, 'BA52', 'https://example.com/images/photo52.jpg', '2023-06-11 11:30:00'),
('P53', 53, 'BA53', 'https://example.com/images/photo53.jpg', '2023-06-11 14:15:00'),
('P54', 54, 'BA54', 'https://example.com/images/photo54.jpg', '2023-06-11 16:00:00'),
('P55', 55, 'BA55', 'https://example.com/images/photo55.jpg', '2023-06-11 18:45:00'),
('P56', 56, 'BA56', 'https://example.com/images/photo56.jpg', '2023-06-12 08:30:00'),
('P57', 57, 'BA57', 'https://example.com/images/photo57.jpg', '2023-06-12 10:15:00'),
('P58', 58, 'BA58', 'https://example.com/images/photo58.jpg', '2023-06-12 12:00:00'),
('P59', 59, 'BA59', 'https://example.com/images/photo59.jpg', '2023-06-12 14:45:00'),
('P60', 60, 'BA60', 'https://example.com/images/photo60.jpg', '2023-06-12 16:30:00'),
('P61', 61, 'BA61', 'https://example.com/images/photo61.jpg', '2023-06-13 09:15:00'),
('P62', 62, 'BA62', 'https://example.com/images/photo62.jpg', '2023-06-13 11:00:00'),
('P63', 63, 'BA63', 'https://example.com/images/photo63.jpg', '2023-06-13 13:45:00'),
('P64', 64, 'BA64', 'https://example.com/images/photo64.jpg', '2023-06-13 15:30:00'),
('P65', 65, 'BA65', 'https://example.com/images/photo65.jpg', '2023-06-13 17:15:00'),
('P66', 66, 'BA66', 'https://example.com/images/photo66.jpg', '2023-06-14 08:00:00'),
('P67', 67, 'BA67', 'https://example.com/images/photo67.jpg', '2023-06-14 10:45:00'),
('P68', 68, 'BA68', 'https://example.com/images/photo68.jpg', '2023-06-14 12:30:00'),
('P69', 69, 'BA69', 'https://example.com/images/photo69.jpg', '2023-06-14 14:15:00'),
('P70', 70, 'BA70', 'https://example.com/images/photo70.jpg', '2023-06-14 16:00:00'),
('P71', 71, 'BA71', 'https://example.com/images/photo71.jpg', '2023-06-15 09:45:00'),
('P72', 72, 'BA72', 'https://example.com/images/photo72.jpg', '2023-06-15 11:30:00'),
('P73', 73, 'BA73', 'https://example.com/images/photo73.jpg', '2023-06-15 14:15:00'),
('P74', 74, 'BA74', 'https://example.com/images/photo74.jpg', '2023-06-15 16:00:00'),
('P75', 75, 'BA75', 'https://example.com/images/photo75.jpg', '2023-06-15 18:45:00'),
('P76', 76, 'BA76', 'https://example.com/images/photo76.jpg', '2023-06-16 08:30:00'),
('P77', 77, 'BA77', 'https://example.com/images/photo77.jpg', '2023-06-16 10:15:00'),
('P78', 78, 'BA78', 'https://example.com/images/photo78.jpg', '2023-06-16 12:00:00'),
('P79', 79, 'BA79', 'https://example.com/images/photo79.jpg', '2023-06-16 14:45:00'),
('P80', 80, 'BA80', 'https://example.com/images/photo80.jpg', '2023-06-16 16:30:00'),
('P81', 81, 'BA81', 'https://example.com/images/photo81.jpg', '2023-06-17 09:15:00'),
('P82', 82, 'BA82', 'https://example.com/images/photo82.jpg', '2023-06-17 11:00:00'),
('P83', 83, 'BA83', 'https://example.com/images/photo83.jpg', '2023-06-17 13:45:00'),
('P84', 84, 'BA84', 'https://example.com/images/photo84.jpg', '2023-06-17 15:30:00'),
('P85', 85, 'BA85', 'https://example.com/images/photo85.jpg', '2023-06-17 17:15:00'),
('P86', 86, 'BA86', 'https://example.com/images/photo86.jpg', '2023-06-18 08:00:00'),
('P87', 87, 'BA87', 'https://example.com/images/photo87.jpg', '2023-06-18 10:45:00'),
('P88', 88, 'BA88', 'https://example.com/images/photo88.jpg', '2023-06-18 12:30:00'),
('P89', 89, 'BA89', 'https://example.com/images/photo89.jpg', '2023-06-18 14:15:00'),
('P90', 90, 'BA90', 'https://example.com/images/photo90.jpg', '2023-06-18 16:00:00'),
('P91', 91, 'BA91', 'https://example.com/images/photo91.jpg', '2023-06-19 09:45:00'),
('P92', 92, 'BA92', 'https://example.com/images/photo92.jpg', '2023-06-19 11:30:00'),
('P93', 93, 'BA93', 'https://example.com/images/photo93.jpg', '2023-06-19 14:15:00'),
('P94', 94, 'BA94', 'https://example.com/images/photo94.jpg', '2023-06-19 16:00:00'),
('P95', 95, 'BA95', 'https://example.com/images/photo95.jpg', '2023-06-19 18:45:00'),
('P96', 96, 'BA96', 'https://example.com/images/photo96.jpg', '2023-06-20 08:30:00'),
('P97', 97, 'BA97', 'https://example.com/images/photo97.jpg', '2023-06-20 10:15:00'),
('P98', 98, 'BA98', 'https://example.com/images/photo98.jpg', '2023-06-20 12:00:00'),
('P99', 99, 'BA99', 'https://example.com/images/photo99.jpg', '2023-06-20 14:45:00'),
('P100', 100, 'BA100', 'https://example.com/images/photo100.jpg', '2023-06-20 16:30:00');



INSERT INTO Payment_method (payment_method_id, customer_id, payment_method) VALUES
    ('PM1', 01, 'Transfer'),
    ('PM2', 02, 'Direct Debit'),
    ('PM3', 03, 'Cash'),
    ('PM4', 04, 'Direct Debit'),
    ('PM5', 05, 'Transfer'),
    ('PM6', 06, 'Cash'),
    ('PM7', 07, 'Cash'),
    ('PM8', 08, 'Direct Debit'),
    ('PM9', 09, 'Transfer'),
    ('PM10', 10, 'Direct Debit'),
    ('PM11', 11, 'Cash'),
    ('PM12', 12, 'Transfer'),
    ('PM13', 13, 'Direct Debit'),
    ('PM14', 14, 'Cash'),
    ('PM15', 15, 'Transfer'),
    ('PM16', 16, 'Cash'),
    ('PM17', 17, 'Direct Debit'),
    ('PM18', 18, 'Transfer'),
    ('PM19', 19, 'Direct Debit'),
    ('PM20', 20, 'Cash'),
    ('PM21', 21, 'Transfer'),
    ('PM22', 22, 'Cash'),
    ('PM23', 23, 'Direct Debit'),
    ('PM24', 24, 'Transfer'),
    ('PM25', 25, 'Cash'),
    ('PM26', 26, 'Direct Debit'),
    ('PM27', 27, 'Transfer'),
    ('PM28', 28, 'Direct Debit'),
    ('PM29', 29, 'Cash'),
    ('PM30', 30, 'Transfer'),
    ('PM31', 31, 'Cash'),
    ('PM32', 32, 'Direct Debit'),
    ('PM33', 33, 'Transfer'),
    ('PM34', 34, 'Direct Debit'),
    ('PM35', 35, 'Cash'),
    ('PM36', 36, 'Transfer'),
    ('PM37', 37, 'Cash'),
    ('PM38', 38, 'Direct Debit'),
    ('PM39', 39, 'Transfer'),
    ('PM40', 40, 'Cash'),
    ('PM41', 41, 'Direct Debit'),
    ('PM42', 42, 'Transfer'),
    ('PM43', 43, 'Cash'),
    ('PM44', 44, 'Direct Debit'),
    ('PM45', 45, 'Transfer'),
    ('PM46', 46, 'Direct Debit'),
    ('PM47', 47, 'Cash'),
    ('PM48', 48, 'Transfer'),
    ('PM49', 49, 'Cash'),
    ('PM50', 50, 'Direct Debit'),
    ('PM51', 51, 'Transfer'),
    ('PM52', 52, 'Cash'),
    ('PM53', 53, 'Direct Debit'),
    ('PM54', 54, 'Transfer'),
    ('PM55', 55, 'Direct Debit'),
    ('PM56', 56, 'Cash'),
    ('PM57', 57, 'Transfer'),
    ('PM58', 58, 'Cash'),
    ('PM59', 59, 'Direct Debit'),
    ('PM60', 60, 'Transfer'),
    ('PM61', 61, 'Cash'),
    ('PM62', 62, 'Direct Debit'),
    ('PM63', 63, 'Transfer'),
    ('PM64', 64, 'Direct Debit'),
    ('PM65', 65, 'Cash'),
    ('PM66', 66, 'Transfer'),
    ('PM67', 67, 'Cash'),
    ('PM68', 68, 'Direct Debit'),
    ('PM69', 69, 'Transfer'),
    ('PM70', 70, 'Cash'),
    ('PM71', 71, 'Direct Debit'),
    ('PM72', 72, 'Transfer'),
    ('PM73', 73, 'Direct Debit'),
    ('PM74', 74, 'Cash'),
    ('PM75', 75, 'Transfer'),
    ('PM76', 76, 'Cash'),
    ('PM77', 77, 'Direct Debit'),
    ('PM78', 78, 'Transfer'),
    ('PM79', 79, 'Cash'),
    ('PM80', 80, 'Direct Debit'),
    ('PM81', 81, 'Transfer'),
    ('PM82', 82, 'Direct Debit'),
    ('PM83', 83, 'Cash'),
    ('PM84', 84, 'Transfer'),
    ('PM85', 85, 'Cash'),
    ('PM86', 86, 'Direct Debit'),
    ('PM87', 87, 'Transfer'),
    ('PM88', 88, 'Cash'),
    ('PM89', 89, 'Direct Debit'),
    ('PM90', 90, 'Transfer'),
    ('PM91', 91, 'Direct Debit'),
    ('PM92', 92, 'Cash'),
    ('PM93', 93, 'Transfer'),
    ('PM94', 94, 'Cash'),
    ('PM95', 95, 'Direct Debit'),
    ('PM96', 96, 'Transfer'),
    ('PM97', 97, 'Cash'),
    ('PM98', 98, 'Direct Debit'),
    ('PM99', 99, 'Transfer'),
    ('PM100', 100, 'Cash');
    
    

INSERT INTO Container (container_id, customer_id, capacity)
VALUES
    ('C1', 1, 280),
    ('C2', 2, 660),
    ('C3', 3, 280),
    ('C4', 4, 660),
    ('C5', 5, 280),
    ('C6', 6, 660),
    ('C7', 7, 280),
    ('C8', 8, 660),
    ('C9', 9, 280),
    ('C10', 10, 660),
    ('C11', 11, 280),
    ('C12', 12, 660),
    ('C13', 13, 280),
    ('C14', 14, 660),
    ('C15', 15, 280),
    ('C16', 16, 660),
    ('C17', 17, 280),
    ('C18', 18, 660),
    ('C19', 19, 280),
    ('C20', 20, 660),
    ('C21', 21, 280),
    ('C22', 22, 660),
    ('C23', 23, 280),
    ('C24', 24, 660),
    ('C25', 25, 280),
    ('C26', 26, 660),
    ('C27', 27, 280),
    ('C28', 28, 660),
    ('C29', 29, 280),
    ('C30', 30, 660),
    ('C31', 31, 280),
    ('C32', 32, 660),
    ('C33', 33, 280),
    ('C34', 34, 660),
    ('C35', 35, 280),
    ('C36', 36, 660),
    ('C37', 37, 280),
    ('C38', 38, 660),
    ('C39', 39, 280),
    ('C40', 40, 660),
    ('C41', 41, 280),
    ('C42', 42, 660),
    ('C43', 43, 280),
    ('C44', 44, 660),
    ('C45', 45, 280),
    ('C46', 46, 660),
    ('C47', 47, 280),
    ('C48', 48, 660),
    ('C49', 49, 280),
    ('C50', 50, 660);
    
    

INSERT INTO Container_collection (collection_id, truck_id, container_id, bin_assignment_id, street, zip_code, date_collected)
VALUES
('CO1', 'T1', 'C1', 'BA1', '123 Bourke St', 3000, '2023-01-01'),
('CO2', 'T2', 'C2', 'BA2', '456 Elm St', 3220, '2023-01-02'),
('CO3', 'T3', 'C3', 'BA3', '789 Flinders St', 3000, '2023-01-03'),
('CO4', 'T4', 'C4', 'BA4', '321 Swanston St', 3000, '2023-01-04'),
('CO5', 'T5', 'C5', 'BA5', '654 Maple Ave', 3214, '2023-01-05'),
('CO6', 'T6', 'C6', 'BA6', '987 Lonsdale St', 3000, '2023-01-06'),
('CO7', 'T7', 'C7', 'BA7', '246 Walnut St', 3216, '2023-01-07'),
('CO8', 'T8', 'C8', 'BA8', '135 Spruce St', 3000, '2023-01-08'),
('CO9', 'T9', 'C9', 'BA9', '864 Oak St', 3350, '2023-01-09'),
('CO10', 'T10', 'C10', 'BA10', '753 Pine St', 3000, '2023-01-10'),
('CO11', 'T1', 'C11', 'BA11', '951 Main St', 3220, '2023-01-11'),
('CO12', 'T2', 'C12', 'BA12', '159 Second St', 3000, '2023-01-12'),
('CO13', 'T3', 'C13', 'BA13', '753 Third St', 3216, '2023-01-13'),
('CO14', 'T4', 'C14', 'BA14', '951 Fourth St', 3000, '2023-01-14'),
('CO15', 'T5', 'C15', 'BA15', '357 Fifth St', 3350, '2023-01-15'),
('CO16', 'T6', 'C16', 'BA16', '246 Sixth St', 3000, '2023-01-16'),
('CO17', 'T7', 'C17', 'BA17', '135 Seventh St', 3220, '2023-01-17'),
('CO18', 'T8', 'C18', 'BA18', '864 Eighth St', 3000, '2023-01-18'),
('CO19', 'T9', 'C19', 'BA19', '753 Ninth St', 3216, '2023-01-19'),
('CO20', 'T10', 'C20', 'BA20', '951 Tenth St', 3000, '2023-01-20'),
('CO21', 'T1', 'C21', 'BA21', '357 Eleventh St', 3350, '2023-01-21'),
('CO22', 'T2', 'C22', 'BA22', '246 Twelfth St', 3000, '2023-01-22'),
('CO23', 'T3', 'C23', 'BA23', '135 Thirteenth St', 3220, '2023-01-23'),
('CO24', 'T4', 'C24', 'BA24', '864 Fourteenth St', 3000, '2023-01-24'),
('CO25', 'T5', 'C25', 'BA25', '753 Fifteenth St', 3216, '2023-01-25'),
('CO26', 'T6', 'C26', 'BA26', '951 Sixteenth St', 3000, '2023-01-26'),
('CO27', 'T7', 'C27', 'BA27', '159 Main St', 3350, '2023-01-27'),
('CO28', 'T8', 'C28', 'BA28', '753 Second St', 3000, '2023-01-28'),
('CO29', 'T9', 'C29', 'BA29', '951 Third St', 3220, '2023-01-29'),
('CO30', 'T10', 'C30', 'BA30', '357 Fourth St', 3000, '2023-01-30'),
('CO31', 'T1', 'C31', 'BA31', '246 Fifth St', 3216, '2023-01-31'),
('CO32', 'T2', 'C32', 'BA32', '135 Sixth St', 3000, '2023-02-01'),
('CO33', 'T3', 'C33', 'BA33', '864 Seventh St', 3350, '2023-02-02'),
('CO34', 'T4', 'C34', 'BA34', '753 Eighth St', 3000, '2023-02-03'),
('CO35', 'T5', 'C35', 'BA35', '951 Ninth St', 3220, '2023-02-04'),
('CO36', 'T6', 'C36', 'BA36', '357 Tenth St', 3000, '2023-02-05'),
('CO37', 'T7', 'C37', 'BA37', '246 Eleventh St', 3216, '2023-02-06'),
('CO38', 'T8', 'C38', 'BA38', '135 Twelfth St', 3000, '2023-02-07'),
('CO39', 'T9', 'C39', 'BA39', '864 Thirteenth St', 3350, '2023-02-08'),
('CO40', 'T10', 'C40', 'BA40', '753 Fourteenth St', 3000, '2023-02-09'),
('CO41', 'T1', 'C41', 'BA41', '951 Fifteenth St', 3220, '2023-02-10'),
('CO42', 'T2', 'C42', 'BA42', '159 Sixteenth St', 3000, '2023-02-11'),
('CO43', 'T3', 'C43', 'BA43', '753 Main St', 3216, '2023-02-12'),
('CO44', 'T4', 'C44', 'BA44', '951 Second St', 3000, '2023-02-13'),
('CO45', 'T5', 'C45', 'BA45', '357 Third St', 3350, '2023-02-14'),
('CO46', 'T6', 'C46', 'BA46', '246 Fourth St', 3000, '2023-02-15'),
('CO47', 'T7', 'C47', 'BA47', '135 Fifth St', 3220, '2023-02-16'),
('CO48', 'T8', 'C48', 'BA48', '864 Sixth St', 3000, '2023-02-17'),
('CO49', 'T9', 'C49', 'BA49', '753 Seventh St', 3216, '2023-02-18'),
('CO50', 'T10', 'C50', 'BA50', '951 Eighth St', 3000, '2023-02-19'),
('CO51', 'T1', 'C1', 'BA51', '357 Ninth St', 3350, '2023-02-20'),
('CO52', 'T2', 'C2', 'BA52', '246 Tenth St', 3000, '2023-02-21'),
('CO53', 'T3', 'C3', 'BA53', '135 Eleventh St', 3220, '2023-02-22'),
('CO54', 'T4', 'C4', 'BA54', '864 Twelfth St', 3000, '2023-02-23'),
('CO55', 'T5', 'C5', 'BA55', '753 Thirteenth St', 3216, '2023-02-24'),
('CO56', 'T6', 'C6', 'BA56', '951 Fourteenth St', 3000, '2023-02-25'),
('CO57', 'T7', 'C7', 'BA57', '159 Fifteenth St', 3350, '2023-02-26'),
('CO58', 'T8', 'C8', 'BA58', '753 Sixteenth St', 3000, '2023-02-27'),
('CO59', 'T9', 'C9', 'BA59', '951 Main St', 3220, '2023-02-28'),
('CO60', 'T10', 'C10', 'BA60', '357 Second St', 3000, '2023-03-01'),
('CO61', 'T1', 'C11', 'BA61', '246 Third St', 3216, '2023-03-02'),
('CO62', 'T2', 'C12', 'BA62', '135 Fourth St', 3000, '2023-03-03'),
('CO63', 'T3', 'C13', 'BA63', '864 Fifth St', 3350, '2023-03-04'),
('CO64', 'T4', 'C14', 'BA64', '753 Sixth St', 3000, '2023-03-05'),
('CO65', 'T5', 'C15', 'BA65', '951 Seventh St', 3220, '2023-03-06'),
('CO66', 'T6', 'C16', 'BA66', '357 Eighth St', 3000, '2023-03-07'),
('CO67', 'T7', 'C17', 'BA67', '246 Ninth St', 3216, '2023-03-08'),
('CO68', 'T8', 'C18', 'BA68', '135 Tenth St', 3000, '2023-03-09'),
('CO69', 'T9', 'C19', 'BA69', '864 Eleventh St', 3350, '2023-03-10'),
('CO70', 'T10', 'C20', 'BA70', '753 Twelfth St', 3000, '2023-03-11'),
('CO71', 'T1', 'C21', 'BA71', '951 Thirteenth St', 3220, '2023-03-12'),
('CO72', 'T2', 'C22', 'BA72', '159 Fourteenth St', 3000, '2023-03-13'),
('CO73', 'T3', 'C23', 'BA73', '753 Fifteenth St', 3216, '2023-03-14'),
('CO74', 'T4', 'C24', 'BA74', '951 Sixteenth St', 3000, '2023-03-15'),
('CO75', 'T5', 'C25', 'BA75', '357 Main St', 3350, '2023-03-16'),
('CO76', 'T6', 'C26', 'BA76', '246 Second St', 3000, '2023-03-17'),
('CO77', 'T7', 'C27', 'BA77', '135 Third St', 3220, '2023-03-18'),
('CO78', 'T8', 'C28', 'BA78', '864 Fourth St', 3000, '2023-03-19'),
('CO79', 'T9', 'C29', 'BA79', '753 Fifth St', 3216, '2023-03-20'),
('CO80', 'T10', 'C30', 'BA80', '951 Sixth St', 3000, '2023-03-21'),
('CO81', 'T1', 'C31', 'BA81', '357 Seventh St', 3350, '2023-03-22'),
('CO82', 'T2', 'C32', 'BA82', '246 Eighth St', 3000, '2023-03-23'),
('CO83', 'T3', 'C33', 'BA83', '135 Ninth St', 3220, '2023-03-24'),
('CO84', 'T4', 'C34', 'BA84', '864 Tenth St', 3000, '2023-03-25'),
('CO85', 'T5', 'C35', 'BA85', '753 Eleventh St', 3216, '2023-03-26'),
('CO86', 'T6', 'C36', 'BA86', '951 Twelfth St', 3000, '2023-03-27'),
('CO87', 'T7', 'C37', 'BA87', '159 Thirteenth St', 3350, '2023-03-28'),
('CO88', 'T8', 'C38', 'BA88', '753 Fourteenth St', 3000, '2023-03-29'),
('CO89', 'T9', 'C39', 'BA89', '951 Fifteenth St', 3220, '2023-03-30'),
('CO90', 'T10', 'C40', 'BA90', '357 Sixteenth St', 3000, '2023-03-31'),
('CO91', 'T1', 'C41', 'BA91', '246 Main St', 3216, '2023-04-01'),
('CO92', 'T2', 'C42', 'BA92', '135 Second St', 3000, '2023-04-02'),
('CO93', 'T3', 'C43', 'BA93', '864 Third St', 3350, '2023-04-03'),
('CO94', 'T4', 'C44', 'BA94', '753 Fourth St', 3000, '2023-04-04'),
('CO95', 'T5', 'C45', 'BA95', '951 Fifth St', 3220, '2023-04-05'),
('CO96', 'T6', 'C46', 'BA96', '357 Sixth St', 3000, '2023-04-06'),
('CO97', 'T7', 'C47', 'BA97', '246 Seventh St', 3216, '2023-04-07'),
('CO98', 'T8', 'C48', 'BA98', '135 Eighth St', 3000, '2023-04-08'),
('CO99', 'T9', 'C49', 'BA99', '864 Ninth St', 3350, '2023-04-09'),
('CO100', 'T10', 'C50', 'BA100', '753 Tenth St', 3000, '2023-04-10');

INSERT INTO Tracking_collection (collection_data_id, collection_id, start_location, end_location, estimated_time, time_stamp)
VALUES
('TC1', 'CO1', '123 Bourke St, Melbourne', '456 Elm St, Geelong', 60, '2023-01-01 09:00:00'),
('TC2', 'CO2', '456 Elm St, Geelong', '789 Flinders St, Melbourne', 75, '2023-01-02 10:30:00'),
('TC3', 'CO3', '789 Flinders St, Melbourne', '321 Swanston St, Melbourne', 30, '2023-01-03 14:15:00'),
('TC4', 'CO4', '321 Swanston St, Melbourne', '654 Maple Ave, Werribee', 90, '2023-01-04 11:45:00'),
('TC5', 'CO5', '654 Maple Ave, Werribee', '987 Lonsdale St, Melbourne', 60, '2023-01-05 16:20:00'),
('TC6', 'CO6', '987 Lonsdale St, Melbourne', '246 Walnut St, Geelong', 75, '2023-01-06 13:10:00'),
('TC7', 'CO7', '246 Walnut St, Geelong', '135 Spruce St, Melbourne', 60, '2023-01-07 15:30:00'),
('TC8', 'CO8', '135 Spruce St, Melbourne', '864 Oak St, Ballarat', 120, '2023-01-08 12:00:00'),
('TC9', 'CO9', '864 Oak St, Ballarat', '753 Pine St, Melbourne', 90, '2023-01-09 10:45:00'),
('TC10', 'CO10', '753 Pine St, Melbourne', '951 Main St, Geelong', 75, '2023-01-10 14:30:00'),
('TC11', 'CO11', '951 Main St, Geelong', '159 Second St, Melbourne', 60, '2023-01-11 11:15:00'),
('TC12', 'CO12', '159 Second St, Melbourne', '753 Third St, Geelong', 75, '2023-01-12 16:00:00'),
('TC13', 'CO13', '753 Third St, Geelong', '951 Fourth St, Melbourne', 60, '2023-01-13 09:30:00'),
('TC14', 'CO14', '951 Fourth St, Melbourne', '357 Fifth St, Ballarat', 120, '2023-01-14 13:45:00'),
('TC15', 'CO15', '357 Fifth St, Ballarat', '246 Sixth St, Melbourne', 90, '2023-01-15 15:20:00'),
('TC16', 'CO16', '246 Sixth St, Melbourne', '135 Seventh St, Geelong', 75, '2023-01-16 12:10:00'),
('TC17', 'CO17', '135 Seventh St, Geelong', '864 Eighth St, Melbourne', 60, '2023-01-17 14:30:00'),
('TC18', 'CO18', '864 Eighth St, Melbourne', '753 Ninth St, Ballarat', 120, '2023-01-18 11:45:00'),
('TC19', 'CO19', '753 Ninth St, Ballarat', '951 Tenth St, Melbourne', 90, '2023-01-19 09:15:00'),
('TC20', 'CO20', '951 Tenth St, Melbourne', '357 Eleventh St, Geelong', 75, '2023-01-20 16:30:00'),
('TC21', 'CO21', '357 Eleventh St, Geelong', '246 Twelfth St, Melbourne', 60, '2023-01-21 13:00:00'),
('TC22', 'CO22', '246 Twelfth St, Melbourne', '135 Thirteenth St, Geelong', 75, '2023-01-22 15:45:00'),
('TC23', 'CO23', '135 Thirteenth St, Geelong', '864 Fourteenth St, Melbourne', 60, '2023-01-23 10:30:00'),
('TC24', 'CO24', '864 Fourteenth St, Melbourne', '753 Fifteenth St, Geelong', 75, '2023-01-24 14:15:00'),
('TC25', 'CO25', '753 Fifteenth St, Geelong', '951 Sixteenth St, Melbourne', 60, '2023-01-25 16:00:00'),
    ('TC26', 'CO26', '951 Sixteenth St, Melbourne', '159 Main St, Ballarat', 120, '2023-01-26 11:45:00'),
    ('TC27', 'CO27', '159 Main St, Ballarat', '753 Second St, Melbourne', 90, '2023-01-27 15:30:00'),
    ('TC28', 'CO28', '753 Second St, Melbourne', '951 Third St, Geelong', 75, '2023-01-28 12:15:00'),
    ('TC29', 'CO29', '951 Third St, Geelong', '357 Fourth St, Melbourne', 60, '2023-01-29 09:45:00'),
    ('TC30', 'CO30', '357 Fourth St, Melbourne', '246 Fifth St, Geelong', 75, '2023-01-30 14:30:00'),
    ('TC31', 'CO31', '246 Fifth St, Geelong', '135 Sixth St, Melbourne', 60, '2023-01-31 11:15:00'),
    ('TC32', 'CO32', '135 Sixth St, Melbourne', '864 Seventh St, Ballarat', 120, '2023-02-01 16:00:00'),
    ('TC33', 'CO33', '864 Seventh St, Ballarat', '753 Eighth St, Melbourne', 90, '2023-02-02 09:30:00'),
    ('TC34', 'CO34', '753 Eighth St, Melbourne', '951 Ninth St, Geelong', 75, '2023-02-03 13:45:00'),
    ('TC35', 'CO35', '951 Ninth St, Geelong', '357 Tenth St, Melbourne', 60, '2023-02-04 15:20:00'),
    ('TC36', 'CO36', '357 Tenth St, Melbourne', '246 Eleventh St, Geelong', 75, '2023-02-05 12:10:00'),
    ('TC37', 'CO37', '246 Eleventh St, Geelong', '135 Twelfth St, Melbourne', 60, '2023-02-06 14:30:00'),
    ('TC38', 'CO38', '135 Twelfth St, Melbourne', '864 Thirteenth St, Ballarat', 120, '2023-02-07 11:45:00'),
    ('TC39', 'CO39', '864 Thirteenth St, Ballarat', '753 Fourteenth St, Melbourne', 90, '2023-02-08 09:15:00'),
    ('TC40', 'CO40', '753 Fourteenth St, Melbourne', '951 Fifteenth St, Geelong', 75, '2023-02-09 16:30:00'),
    ('TC41', 'CO41', '951 Fifteenth St, Geelong', '159 Sixteenth St, Melbourne', 60, '2023-02-10 13:00:00'),
    ('TC42', 'CO42', '159 Sixteenth St, Melbourne', '753 Main St, Geelong', 75, '2023-02-11 15:45:00'),
    ('TC43', 'CO43', '753 Main St, Geelong', '951 Second St, Melbourne', 60, '2023-02-12 10:30:00'),
    ('TC44', 'CO44', '951 Second St, Melbourne', '357 Third St, Ballarat', 120, '2023-02-13 14:15:00'),
    ('TC45', 'CO45', '357 Third St, Ballarat', '246 Fourth St, Melbourne', 90, '2023-02-14 16:00:00'),
    ('TC46', 'CO46', '246 Fourth St, Melbourne', '135 Fifth St, Geelong', 75, '2023-02-15 11:45:00'),
    ('TC47', 'CO47', '135 Fifth St, Geelong', '864 Sixth St, Melbourne', 60, '2023-02-16 15:30:00'),
    ('TC48', 'CO48', '864 Sixth St, Melbourne', '753 Seventh St, Geelong', 75, '2023-02-17 12:15:00'),
    ('TC49', 'CO49', '753 Seventh St, Geelong', '951 Eighth St, Melbourne', 60, '2023-02-18 09:45:00'),
    ('TC50', 'CO50', '951 Eighth St, Melbourne', '357 Ninth St, Ballarat', 120, '2023-02-19 14:30:00'),
    ('TC51', 'CO51', '357 Ninth St, Ballarat', '246 Tenth St, Melbourne', 90, '2023-02-20 11:15:00'),
    ('TC52', 'CO52', '246 Tenth St, Melbourne', '135 Eleventh St, Geelong', 75, '2023-02-21 16:00:00'),
    ('TC53', 'CO53', '135 Eleventh St, Geelong', '864 Twelfth St, Melbourne', 60, '2023-02-22 09:30:00'),
    ('TC54', 'CO54', '864 Twelfth St, Melbourne', '753 Thirteenth St, Geelong', 75, '2023-02-23 13:45:00'),
    ('TC55', 'CO55', '753 Thirteenth St, Geelong', '951 Fourteenth St, Melbourne', 60, '2023-02-24 15:20:00'),
    ('TC56', 'CO56', '951 Fourteenth St, Melbourne', '159 Fifteenth St, Ballarat', 120, '2023-02-25 12:10:00'),
    ('TC57', 'CO57', '159 Fifteenth St, Ballarat', '753 Sixteenth St, Melbourne', 90, '2023-02-26 14:30:00'),
    ('TC58', 'CO58', '753 Sixteenth St, Melbourne', '951 Main St, Geelong', 75, '2023-02-27 11:45:00'),
    ('TC59', 'CO59', '951 Main St, Geelong', '357 Second St, Melbourne', 60, '2023-02-28 09:15:00'),
    ('TC60', 'CO60', '357 Second St, Melbourne', '246 Third St, Geelong', 75, '2023-03-01 16:30:00'),
    ('TC61', 'CO61', '246 Third St, Geelong', '135 Fourth St, Melbourne', 60, '2023-03-02 13:00:00'),
    ('TC62', 'CO62', '135 Fourth St, Melbourne', '864 Fifth St, Ballarat', 120, '2023-03-03 15:45:00'),
    ('TC63', 'CO63', '864 Fifth St, Ballarat', '753 Sixth St, Melbourne', 90, '2023-03-04 10:30:00'),
    ('TC64', 'CO64', '753 Sixth St, Melbourne', '951 Seventh St, Geelong', 75, '2023-03-05 14:15:00'),
    ('TC65', 'CO65', '951 Seventh St, Geelong', '357 Eighth St, Melbourne', 60, '2023-03-06 16:00:00'),
    ('TC66', 'CO66', '357 Eighth St, Melbourne', '246 Ninth St, Geelong', 75, '2023-03-07 11:45:00'),
    ('TC67', 'CO67', '246 Ninth St, Geelong', '135 Tenth St, Melbourne', 60, '2023-03-08 15:30:00'),
    ('TC68', 'CO68', '135 Tenth St, Melbourne', '864 Eleventh St, Ballarat', 120, '2023-03-09 12:15:00'),
    ('TC69', 'CO69', '864 Eleventh St, Ballarat', '753 Twelfth St, Melbourne', 90, '2023-03-10 09:45:00'),
    ('TC70', 'CO70', '753 Twelfth St, Melbourne', '951 Thirteenth St, Geelong', 75, '2023-03-11 14:30:00'),
    ('TC71', 'CO71', '951 Thirteenth St, Geelong', '159 Fourteenth St, Melbourne', 60, '2023-03-12 11:15:00'),
    ('TC72', 'CO72', '159 Fourteenth St, Melbourne', '753 Fifteenth St, Geelong', 75, '2023-03-13 16:00:00'),
    ('TC73', 'CO73', '753 Fifteenth St, Geelong', '951 Sixteenth St, Melbourne', 60, '2023-03-14 09:30:00'),
    ('TC74', 'CO74', '951 Sixteenth St, Melbourne', '357 Main St, Ballarat', 120, '2023-03-15 13:45:00'),
    ('TC75', 'CO75', '357 Main St, Ballarat', '246 Second St, Melbourne', 90, '2023-03-16 15:20:00'),
    ('TC76', 'CO76', '246 Second St, Melbourne', '135 Third St, Geelong', 75, '2023-03-17 12:10:00'),
    ('TC77', 'CO77', '135 Third St, Geelong', '864 Fourth St, Melbourne', 60, '2023-03-18 14:30:00'),
    ('TC78', 'CO78', '864 Fourth St, Melbourne', '753 Fifth St, Geelong', 75, '2023-03-19 11:45:00'),
    ('TC79', 'CO79', '753 Fifth St, Geelong', '951 Sixth St, Melbourne', 60, '2023-03-20 09:15:00'),
    ('TC80', 'CO80', '951 Sixth St, Melbourne', '357 Seventh St, Ballarat', 120, '2023-03-21 16:30:00'),
    ('TC81', 'CO81', '357 Seventh St, Ballarat', '246 Eighth St, Melbourne', 90, '2023-03-22 13:00:00'),
    ('TC82', 'CO82', '246 Eighth St, Melbourne', '135 Ninth St, Geelong', 75, '2023-03-23 15:45:00'),
    ('TC83', 'CO83', '135 Ninth St, Geelong', '864 Tenth St, Melbourne', 60, '2023-03-24 10:30:00'),
('TC84', 'CO84', '864 Tenth St, Melbourne', '753 Eleventh St, Geelong', 75, '2023-03-25 14:15:00'),
('TC85', 'CO85', '753 Eleventh St, Geelong', '951 Twelfth St, Melbourne', 60, '2023-03-26 16:00:00'),
('TC86', 'CO86', '951 Twelfth St, Melbourne', '159 Thirteenth St, Ballarat', 120, '2023-03-27 11:45:00'),
('TC87', 'CO87', '159 Thirteenth St, Ballarat', '753 Fourteenth St, Melbourne', 90, '2023-03-28 15:30:00'),
('TC88', 'CO88', '753 Fourteenth St, Melbourne', '951 Fifteenth St, Geelong', 75, '2023-03-29 12:15:00'),
('TC89', 'CO89', '951 Fifteenth St, Geelong', '357 Sixteenth St, Melbourne', 60, '2023-03-30 09:45:00'),
('TC90', 'CO90', '357 Sixteenth St, Melbourne', '246 Main St, Geelong', 75, '2023-03-31 14:30:00'),
('TC91', 'CO91', '246 Main St, Geelong', '135 Second St, Melbourne', 60, '2023-04-01 11:15:00'),
('TC92', 'CO92', '135 Second St, Melbourne', '864 Third St, Ballarat', 120, '2023-04-02 16:00:00'),
('TC93', 'CO93', '864 Third St, Ballarat', '753 Fourth St, Melbourne', 90, '2023-04-03 09:30:00'),
('TC94', 'CO94', '753 Fourth St, Melbourne', '951 Fifth St, Geelong', 75, '2023-04-04 13:45:00'),
('TC95', 'CO95', '951 Fifth St, Geelong', '357 Sixth St, Melbourne', 60, '2023-04-05 15:20:00'),
('TC96', 'CO96', '357 Sixth St, Melbourne', '246 Seventh St, Geelong', 75, '2023-04-06 12:10:00'),
('TC97', 'CO97', '246 Seventh St, Geelong', '135 Eighth St, Melbourne', 60, '2023-04-07 14:30:00'),
('TC98', 'CO98', '135 Eighth St, Melbourne', '864 Ninth St, Ballarat', 120, '2023-04-08 11:45:00'),
('TC99', 'CO99', '864 Ninth St, Ballarat', '753 Tenth St, Melbourne', 90, '2023-04-09 09:15:00'),
('TC100', 'CO100', '753 Tenth St, Melbourne', '951 Eleventh St, Geelong', 75, '2023-04-10 16:30:00');
    
    
    
    INSERT INTO Tracking_distribution (distribution_data_id, distribution_id, start_location, end_location, estimated_time, time_stamp)
VALUES
     ('DD1', 'DB1', 'Warehouse A', '456 Elm St, Geelong', '2023-01-01 09:00:00', '2023-01-01 08:30:00'),
    ('DD2', 'DB2', 'Warehouse B', '123 Cedar St, Melbourne', '2023-01-02 10:30:00', '2023-01-02 10:00:00'),
    ('DD3', 'DB3', 'Warehouse C', '567 Pine Rd, Geelong', '2023-01-03 14:15:00', '2023-01-03 13:45:00'),
    ('DD4', 'DB4', 'Warehouse D', '789 Oak Ave, Melbourne', '2023-01-04 11:45:00', '2023-01-04 11:15:00'),
    ('DD5', 'DB5', 'Warehouse E', '456 Birch Dr, Geelong', '2023-01-05 16:20:00', '2023-01-05 15:50:00'),
    ('DD6', 'DB6', 'Warehouse F', '123 Cedar St, Melbourne', '2023-01-06 13:10:00', '2023-01-06 12:40:00'),
    ('DD7', 'DB7', 'Warehouse A', '789 Pine Rd, Ballarat', '2023-01-07 15:30:00', '2023-01-07 15:00:00'),
    ('DD8', 'DB8', 'Warehouse B', '456 Maple Ln, Melbourne', '2023-01-08 12:00:00', '2023-01-08 11:30:00'),
    ('DD9', 'DB9', 'Warehouse C', '789 Cedar St, Geelong', '2023-01-09 10:45:00', '2023-01-09 10:15:00'),
    ('DD10', 'DB10', 'Warehouse D', '123 Elm St, Melbourne', '2023-01-10 14:30:00', '2023-01-10 14:00:00'),
    ('DD11', 'DB11', 'Warehouse E', '456 Oak Ave, Geelong', '2023-01-11 11:15:00', '2023-01-11 10:45:00'),
    ('DD12', 'DB12', 'Warehouse F', '789 Pine Rd, Melbourne', '2023-01-12 16:00:00', '2023-01-12 15:30:00'),
    ('DD13', 'DB13', 'Warehouse A', '456 Birch Dr, Ballarat', '2023-01-13 09:30:00', '2023-01-13 09:00:00'),
    ('DD14', 'DB14', 'Warehouse B', '123 Cedar St, Melbourne', '2023-01-14 13:45:00', '2023-01-14 13:15:00'),
    ('DD15', 'DB15', 'Warehouse C', '567 Maple Ln, Geelong', '2023-01-15 15:20:00', '2023-01-15 14:50:00'),
    ('DD16', 'DB16', 'Warehouse D', '789 Elm St, Melbourne', '2023-01-16 12:10:00', '2023-01-16 11:40:00'),
    ('DD17', 'DB17', 'Warehouse E', '456 Oak Ave, Ballarat', '2023-01-17 14:30:00', '2023-01-17 14:00:00'),
    ('DD18', 'DB18', 'Warehouse F', '123 Pine Rd, Melbourne', '2023-01-18 11:45:00', '2023-01-18 11:15:00'),
    ('DD19', 'DB19', 'Warehouse A', '789 Birch Dr, Geelong', '2023-01-19 09:15:00', '2023-01-19 08:45:00'),
    ('DD20', 'DB20', 'Warehouse B', '456 Cedar St, Melbourne', '2023-01-20 16:30:00', '2023-01-20 16:00:00'),
    ('DD21', 'DB21', 'Warehouse C', '123 Maple Ln, Ballarat', '2023-01-21 13:00:00', '2023-01-21 12:30:00'),
    ('DD22', 'DB22', 'Warehouse D', '567 Elm St, Melbourne', '2023-01-22 15:45:00', '2023-01-22 15:15:00'),
    ('DD23', 'DB23', 'Warehouse E', '789 Oak Ave, Geelong', '2023-01-23 10:30:00', '2023-01-23 10:00:00'),
    ('DD24', 'DB24', 'Warehouse F', '456 Pine Rd, Melbourne', '2023-01-24 14:15:00', '2023-01-24 13:45:00'),
    ('DD25', 'DB25', 'Warehouse A', '123 Birch Dr, Ballarat', '2023-01-25 16:00:00', '2023-01-25 15:30:00'),
    ('DD26', 'DB26', 'Warehouse B', '789 Cedar St, Melbourne', '2023-01-26 11:45:00', '2023-01-26 11:15:00'),
    ('DD27', 'DB27', 'Warehouse C', '456 Maple Ln, Geelong', '2023-01-27 15:30:00', '2023-01-27 15:00:00'),
    ('DD28', 'DB28', 'Warehouse D', '123 Elm St, Melbourne', '2023-01-28 12:15:00', '2023-01-28 11:45:00'),
    ('DD29', 'DB29', 'Warehouse E', '567 Oak Ave, Ballarat', '2023-01-29 09:45:00', '2023-01-29 09:15:00'),
    ('DD30', 'DB30', 'Warehouse F', '789 Pine Rd, Melbourne', '2023-01-30 14:30:00', '2023-01-30 14:00:00'),
    ('DD31', 'DB31', 'Warehouse A', '456 Birch Dr, Geelong', '2023-01-31 11:15:00', '2023-01-31 10:45:00'),
    ('DD32', 'DB32', 'Warehouse B', '123 Cedar St, Melbourne', '2023-02-01 16:00:00', '2023-02-01 15:30:00'),
    ('DD33', 'DB33', 'Warehouse C', '789 Maple Ln, Ballarat', '2023-02-02 09:30:00', '2023-02-02 09:00:00'),
    ('DD34', 'DB34', 'Warehouse D', '456 Elm St, Melbourne', '2023-02-03 13:45:00', '2023-02-03 13:15:00'),
    ('DD35', 'DB35', 'Warehouse E', '123 Oak Ave, Geelong', '2023-02-04 15:20:00', '2023-02-04 14:50:00'),
    ('DD36', 'DB36', 'Warehouse F', '567 Pine Rd, Melbourne', '2023-02-05 12:10:00', '2023-02-05 11:40:00'),
    ('DD37', 'DB37', 'Warehouse A', '789 Birch Dr, Ballarat', '2023-02-06 14:30:00', '2023-02-06 14:00:00'),
    ('DD38', 'DB38', 'Warehouse B', '456 Cedar St, Melbourne', '2023-02-07 11:45:00', '2023-02-07 11:15:00'),
    ('DD39', 'DB39', 'Warehouse C', '123 Maple Ln, Geelong', '2023-02-08 09:15:00', '2023-02-08 08:45:00'),
    ('DD40', 'DB40', 'Warehouse D', '789 Elm St, Melbourne', '2023-02-09 16:30:00', '2023-02-09 16:00:00'),
    ('DD41', 'DB41', 'Warehouse E', '456 Oak Ave, Ballarat', '2023-02-10 13:00:00', '2023-02-10 12:30:00'),
    ('DD42', 'DB42', 'Warehouse F', '123 Pine Rd, Melbourne', '2023-02-11 15:45:00', '2023-02-11 15:15:00'),
    ('DD43', 'DB43', 'Warehouse A', '567 Birch Dr, Geelong', '2023-02-12 10:30:00', '2023-02-12 10:00:00'),
    ('DD44', 'DB44', 'Warehouse B', '789 Cedar St, Melbourne', '2023-02-13 14:15:00', '2023-02-13 13:45:00'),
    ('DD45', 'DB45', 'Warehouse C', '456 Maple Ln, Ballarat', '2023-02-14 16:00:00', '2023-02-14 15:30:00'),
    ('DD46', 'DB46', 'Warehouse D', '123 Elm St, Melbourne', '2023-02-15 11:45:00', '2023-02-15 11:15:00'),
    ('DD47', 'DB47', 'Warehouse E', '789 Oak Ave, Geelong', '2023-02-16 15:30:00', '2023-02-16 15:00:00'),
    ('DD48', 'DB48', 'Warehouse F', '456 Pine Rd, Melbourne', '2023-02-17 12:15:00', '2023-02-17 11:45:00'),
    ('DD49', 'DB49', 'Warehouse A', '123 Birch Dr, Ballarat', '2023-02-18 09:45:00', '2023-02-18 09:15:00'),
    ('DD50', 'DB50', 'Warehouse B', '567 Cedar St, Melbourne', '2023-02-19 14:30:00', '2023-02-19 14:00:00'),
    ('DD51', 'DB51', 'Warehouse C', '789 Maple Ln, Geelong', '2023-02-20 11:15:00', '2023-02-20 10:45:00'),
    ('DD52', 'DB52', 'Warehouse D', '456 Elm St, Melbourne', '2023-02-21 16:00:00', '2023-02-21 15:30:00'),
    ('DD53', 'DB53', 'Warehouse E', '123 Oak Ave, Ballarat', '2023-02-22 09:30:00', '2023-02-22 09:00:00'),
    ('DD54', 'DB54', 'Warehouse F', '567 Pine Rd, Melbourne', '2023-02-23 13:45:00', '2023-02-23 13:15:00'),
    ('DD55', 'DB55', 'Warehouse A', '789 Birch Dr, Geelong', '2023-02-24 15:20:00', '2023-02-24 14:50:00'),
    ('DD56', 'DB56', 'Warehouse B', '456 Cedar St, Melbourne', '2023-02-25 12:10:00', '2023-02-25 11:40:00'),
    ('DD57', 'DB57', 'Warehouse C', '123 Maple Ln, Ballarat', '2023-02-26 14:30:00', '2023-02-26 14:00:00'),
    ('DD58', 'DB58', 'Warehouse D', '789 Elm St, Melbourne', '2023-02-27 11:45:00', '2023-02-27 11:15:00'),
    ('DD59', 'DB59', 'Warehouse E', '456 Oak Ave, Geelong', '2023-02-28 09:15:00', '2023-02-28 08:45:00'),
  ('DD60', 'DB60', 'Warehouse F', '123 Pine Rd, Melbourne', '2023-03-01 16:30:00', '2023-03-01 16:00:00'),
('DD61', 'DB61', 'Warehouse A', '567 Birch Dr, Ballarat', '2023-03-02 13:00:00', '2023-03-02 12:30:00'),
('DD62', 'DB62', 'Warehouse B', '789 Cedar St, Melbourne', '2023-03-03 15:45:00', '2023-03-03 15:15:00'),
('DD63', 'DB63', 'Warehouse C', '456 Maple Ln, Geelong', '2023-03-04 10:30:00', '2023-03-04 10:00:00'),
('DD64', 'DB64', 'Warehouse D', '123 Elm St, Melbourne', '2023-03-05 14:15:00', '2023-03-05 13:45:00'),
('DD65', 'DB65', 'Warehouse E', '789 Oak Ave, Ballarat', '2023-03-06 16:00:00', '2023-03-06 15:30:00'),
('DD66', 'DB66', 'Warehouse F', '456 Pine Rd, Melbourne', '2023-03-07 11:45:00', '2023-03-07 11:15:00'),
('DD67', 'DB67', 'Warehouse A', '123 Birch Dr, Geelong', '2023-03-08 15:30:00', '2023-03-08 15:00:00'),
('DD68', 'DB68', 'Warehouse B', '567 Cedar St, Melbourne', '2023-03-09 12:15:00', '2023-03-09 11:45:00'),
('DD69', 'DB69', 'Warehouse C', '789 Maple Ln, Ballarat', '2023-03-10 09:45:00', '2023-03-10 09:15:00'),
('DD70', 'DB70', 'Warehouse D', '456 Elm St, Melbourne', '2023-03-11 14:30:00', '2023-03-11 14:00:00'),
('DD71', 'DB71', 'Warehouse E', '123 Oak Ave, Geelong', '2023-03-12 11:15:00', '2023-03-12 10:45:00'),
('DD72', 'DB72', 'Warehouse F', '567 Pine Rd, Melbourne', '2023-03-13 16:00:00', '2023-03-13 15:30:00'),
('DD73', 'DB73', 'Warehouse A', '789 Birch Dr, Ballarat', '2023-03-14 09:30:00', '2023-03-14 09:00:00'),
('DD74', 'DB74', 'Warehouse B', '456 Cedar St, Melbourne', '2023-03-15 13:45:00', '2023-03-15 13:15:00'),
('DD75', 'DB75', 'Warehouse C', '123 Maple Ln, Geelong', '2023-03-16 15:20:00', '2023-03-16 14:50:00'),
('DD76', 'DB76', 'Warehouse D', '789 Elm St, Melbourne', '2023-03-17 12:10:00', '2023-03-17 11:40:00'),
('DD77', 'DB77', 'Warehouse E', '456 Oak Ave, Ballarat', '2023-03-18 14:30:00', '2023-03-18 14:00:00'),
('DD78', 'DB78', 'Warehouse F', '123 Pine Rd, Melbourne', '2023-03-19 11:45:00', '2023-03-19 11:15:00'),
('DD79', 'DB79', 'Warehouse A', '567 Birch Dr, Geelong', '2023-03-20 09:15:00', '2023-03-20 08:45:00'),
('DD80', 'DB80', 'Warehouse B', '789 Cedar St, Melbourne', '2023-03-21 16:30:00', '2023-03-21 16:00:00'),
('DD81', 'DB81', 'Warehouse C', '456 Maple Ln, Ballarat', '2023-03-22 13:00:00', '2023-03-22 12:30:00'),
('DD82', 'DB82', 'Warehouse D', '123 Elm St, Melbourne', '2023-03-23 15:45:00', '2023-03-23 15:15:00'),
('DD83', 'DB83', 'Warehouse E', '789 Oak Ave, Geelong', '2023-03-24 10:30:00', '2023-03-24 10:00:00'),
('DD84', 'DB84', 'Warehouse F', '456 Pine Rd, Melbourne', '2023-03-25 14:15:00', '2023-03-25 13:45:00'),
('DD85', 'DB85', 'Warehouse A', '123 Birch Dr, Ballarat', '2023-03-26 16:00:00', '2023-03-26 15:30:00'),
('DD86', 'DB86', 'Warehouse B', '567 Cedar St, Melbourne', '2023-03-27 11:45:00', '2023-03-27 11:15:00'),
('DD87', 'DB87', 'Warehouse C', '789 Maple Ln, Geelong', '2023-03-28 15:30:00', '2023-03-28 15:00:00'),
('DD88', 'DB88', 'Warehouse D', '456 Elm St, Melbourne', '2023-03-29 12:15:00', '2023-03-29 11:45:00'),
('DD89', 'DB89', 'Warehouse E', '123 Oak Ave, Ballarat', '2023-03-30 09:45:00', '2023-03-30 09:15:00'),
('DD90', 'DB90', 'Warehouse F', '567 Pine Rd, Melbourne', '2023-03-31 14:30:00', '2023-03-31 14:00:00'),
('DD91', 'DB91', 'Warehouse A', '789 Birch Dr, Geelong', '2023-04-01 11:15:00', '2023-04-01 10:45:00'),
('DD92', 'DB92', 'Warehouse B', '456 Cedar St, Melbourne', '2023-04-02 16:00:00', '2023-04-02 15:30:00'),
('DD93', 'DB93', 'Warehouse C', '123 Maple Ln, Ballarat', '2023-04-03 09:30:00', '2023-04-03 09:00:00'),
('DD94', 'DB94', 'Warehouse D', '789 Elm St, Melbourne', '2023-04-04 13:45:00', '2023-04-04 13:15:00'),
('DD95', 'DB95', 'Warehouse E', '456 Oak Ave, Geelong', '2023-04-05 15:20:00', '2023-04-05 14:50:00'),
('DD96', 'DB96', 'Warehouse F', '123 Pine Rd, Melbourne', '2023-04-06 12:10:00', '2023-04-06 11:40:00'),
('DD97', 'DB97', 'Warehouse A', '567 Birch Dr, Ballarat', '2023-04-07 14:30:00', '2023-04-07 14:00:00'),
('DD98', 'DB98', 'Warehouse B', '789 Cedar St, Melbourne', '2023-04-08 11:45:00', '2023-04-08 11:15:00'),
('DD99', 'DB99', 'Warehouse C', '456 Maple Ln, Geelong', '2023-04-09 09:15:00', '2023-04-09 08:45:00'),
('DD100', 'DB100', 'Warehouse D', '123 Elm St, Melbourne', '2023-04-10 16:30:00', '2023-04-10 16:00:00');

    INSERT INTO Wasted_item (item_id, item_name, category, capacity)
VALUES
    ('I1', 'Plastic Bottle', 'Plastic', 1),
    ('I2', 'Aluminum Can', 'Aluminum', 1),
    ('I3', 'Glass Bottle', 'Glass', 1),
    ('I4', 'Cardboard Box', 'Paper', 5),
    ('I5', 'Plastic Bag', 'Plastic', 2),
    ('I6', 'Steel Can', 'Steel', 1),
    ('I7', 'Newspaper', 'Paper', 3),
    ('I8', 'Magazine', 'Paper', 4),
    ('I9', 'Plastic Container', 'Plastic', 3),
    ('I10', 'Aluminum Foil', 'Aluminum', 1),
    ('I11', 'Glass Jar', 'Glass', 2),
    ('I12', 'Cardboard Carton', 'Paper', 6),
    ('I13', 'Plastic Wrap', 'Plastic', 1),
    ('I14', 'Tin Can', 'Steel', 1),
    ('I15', 'Paper Bag', 'Paper', 2),
    ('I16', 'Plastic Cup', 'Plastic', 1),
    ('I17', 'Aluminum Tray', 'Aluminum', 2),
    ('I18', 'Glass Bowl', 'Glass', 3),
    ('I19', 'Cardboard Tube', 'Paper', 2),
    ('I20', 'Plastic Tray', 'Plastic', 2),
    ('I21', 'Steel Bottle Cap', 'Steel', 1),
    ('I22', 'Paper Napkin', 'Paper', 1),
    ('I23', 'Plastic Utensil', 'Plastic', 1),
    ('I24', 'Aluminum Foil Container', 'Aluminum', 2),
    ('I25', 'Glass Bottle Cap', 'Glass', 1),
    ('I26', 'Cardboard Box Lid', 'Paper', 1),
    ('I27', 'Plastic Straw', 'Plastic', 1),
    ('I28', 'Steel Bottle', 'Steel', 1),
    ('I29', 'Paper Receipt', 'Paper', 1),
    ('I30', 'Plastic Lid', 'Plastic', 1);
    
    INSERT INTO Achievement (achievement_id, billing_payment_id, green_point)
VALUES
    ('AC1', 'BP1', 100),
    ('AC2', 'BP2', 200),
    ('AC3', 'BP3', 150),
    ('AC4', 'BP4', 300),
    ('AC5', 'BP5', 250),
    ('AC6', 'BP6', 400),
    ('AC7', 'BP7', 175),
    ('AC8', 'BP8', 225),
    ('AC9', 'BP9', 350),
    ('AC10', 'BP10', 275),
    ('AC11', 'BP11', 500),
    ('AC12', 'BP12', 450),
    ('AC13', 'BP13', 375),
    ('AC14', 'BP14', 550),
    ('AC15', 'BP15', 425);


INSERT INTO Checking_process (checking_id, item_id, container_id, billing_payment_id, number_item, category, time_stamp)
VALUES
    ('CK1', 'I1', 'C1', 'BP1', 10, 'Plastic', '2023-01-01 09:00:00'),
    ('CK2', 'I2', 'C2', 'BP2', 5, 'Aluminum', '2023-01-02 10:30:00'),
    ('CK3', 'I3', 'C3', 'BP3', 8, 'Glass', '2023-01-03 14:15:00'),
    ('CK4', 'I4', 'C4', 'BP4', 12, 'Paper', '2023-01-04 11:45:00'),
    ('CK5', 'I5', 'C5', 'BP5', 6, 'Plastic', '2023-01-05 16:20:00'),
    ('CK6', 'I6', 'C6', 'BP6', 15, 'Steel', '2023-01-06 13:10:00'),
    ('CK7', 'I7', 'C7', 'BP7', 9, 'Paper', '2023-01-07 15:30:00'),
    ('CK8', 'I8', 'C8', 'BP8', 7, 'Paper', '2023-01-08 12:00:00'),
    ('CK9', 'I9', 'C9', 'BP9', 11, 'Plastic', '2023-01-09 10:45:00'),
    ('CK10', 'I10', 'C10', 'BP10', 4, 'Aluminum', '2023-01-10 14:30:00'),
    ('CK11', 'I11', 'C11', 'BP11', 13, 'Glass', '2023-01-11 11:15:00'),
    ('CK12', 'I12', 'C12', 'BP12', 18, 'Paper', '2023-01-12 16:00:00'),
    ('CK13', 'I13', 'C13', 'BP13', 8, 'Plastic', '2023-01-13 09:30:00'),
    ('CK14', 'I14', 'C14', 'BP14', 6, 'Steel', '2023-01-14 13:45:00'),
    ('CK15', 'I15', 'C15', 'BP15', 10, 'Paper', '2023-01-15 15:20:00');

# 4 queries to retrieve information from the database

#4.1 Find customer types with an average donation percentage greater than 20%.
SELECT 
    ct.customer_type, 
    ROUND(AVG(d.percentage), 2) AS avg_donation_percentage
FROM 
    Customer c
    JOIN Customer_type ct ON c.customer_type_id = ct.customer_type_id
    JOIN Billing_payment bp ON c.customer_id = bp.customer_id
    JOIN Receipt_payment rp ON bp.billing_payment_id = rp.billing_payment_id
    JOIN Donation d ON rp.receipt_payment_id = d.receipt_payment_id
GROUP BY ct.customer_type
HAVING AVG(d.percentage) > 20;

#4.2 Find the 5 collection points customers have located the most, along with their addresses.
SELECT cp.name, cp.address, visit_count
FROM (
  SELECT collection_point_id, COUNT(locate_id) AS visit_count
  FROM Locate_collection_point
  GROUP BY collection_point_id
) AS visit_counts
JOIN Collection_point cp ON visit_counts.collection_point_id = cp.collection_point_id
ORDER BY visit_count DESC
LIMIT 5;

#4.3 Retrieve each customer type's total number of items recycled and the corresponding environmental impact (water, energy, landfill, and carbon emissions saved).
SELECT
    ct.customer_type, subquery.total_items, subquery.water_saved, subquery.energy_saved,
    subquery.landfill_saved, subquery.carbon_saved
FROM Customer_type ct
    JOIN (
        SELECT c.customer_type_id, SUM(cp.number_item) AS total_items,
            SUM(cp.number_item * 5.87) AS water_saved,
            SUM(cp.number_item * 1.30) AS energy_saved,
            SUM(cp.number_item * 0.06) AS landfill_saved,
            SUM(cp.number_item * 0.12) AS carbon_saved
        FROM
            Checking_process cp
            JOIN Billing_payment bp ON cp.billing_payment_id = bp.billing_payment_id
            JOIN Customer c ON bp.customer_id = c.customer_id
        GROUP BY
            c.customer_type_id
    ) AS subquery ON ct.customer_type_id = subquery.customer_type_id;
    
#4.4 Find the customers who have a total of over 300 green points.
SELECT c.first_name, c.last_name, SUM(a.green_point) 
AS total_green_points
FROM Customer c
JOIN Billing_payment bp ON c.customer_id=bp.customer_id
JOIN Achievement a ON bp.billing_payment_id = a.billing_payment_id
GROUP BY c.customer_id
HAVING total_green_points >=300;








